recipe,ingredients,original ingredients
CHICKEN TORTAS,0.50 cup chees + 2.00 cup chicken + 2.00 cup romain lettuc + 2.00 cup salsa + 1.00 teaspoon powder + 1.00 unit avocado + 4.00 unit bread + 4.00 unit onion + 2.00 unit radish,"['2 cups cooked, shredded chicken', '1/2 cup shredded reduced fat monterey jack cheese', '2 radishes, sliced', '1 teaspoon chili powder', '1 fresh avocado, mashed', '2 cups prepared fresh salsa (see page 54)', '4 bolillos or french bread rolls, cut in half lengthwise', '2 cups shredded romaine lettuce', '4 thin slices white onion']"
SPICED PORK TENDERLOIN WITH SAUTEED APPLES,2.25 cup appl + 0.33 cup shallot + 1.00 pound tenderloin crosswis + 2.00 tablespoon butter + 0.12 teaspoon cinnamon + 0.25 teaspoon coriand + 1.00 teaspoon leav + 0.12 teaspoon nutmeg + 0.25 teaspoon pepper + 0.50 teaspoon salt + 1.00 unit spray,"['3/8 teaspoon salt', '1/4 teaspoon ground coriander', '1/4 teaspoon freshly ground black pepper', '1/8 teaspoon ground cinnamon', '1/8 teaspoon ground nutmeg', '1 pound pork tenderloin, trimmed and cut crosswise into 12 pieces', 'Cooking spray', '2 tablespoons butter', '2 cups thinly sliced unpeeled Braeburn or Gala apple', '1/3 cup thinly sliced shallots', '1/8 teaspoon salt', '1/4 cup apple cider', '1 teaspoon fresh thyme leaves']"
MUESLI,0.25 cup almond + 2.50 cup oat + 0.50 cup sugar + 0.25 cup wheat + 4.00 tablespoon flax + 0.50 teaspoon coconut + 1.00 unit splenda,"['2 cups rolled oats', '4 tbsp whole flax seeds', '1/4 cup wheat bran', '1/2 cup oat bran', '1/4 cup sliced almonds', '1/2 cup sugar free maple syrup', '1/2 tsp coconut extract', 'Splenda, to taste']"
STRAWBERRY BANANA SHAKE,1.00 cup milk + 1.00 cup splenda + 1.00 cup strawberri + 1.00 medium banana + 1.00 scoop strawberri,"['1 medium banana', '1 cup strawberries', '1 cup skim milk', '1 scoop strawberry whey protein', '1 cup ice Splenda, to taste']"
SWEET & SPICY PUMPKIN SEEDS,1.00 cup seed + 1.00 dash pepper + 1.00 tablespoon oil + 0.25 teaspoon cinnamon + 0.50 teaspoon cumin + 0.50 teaspoon powder + 0.25 teaspoon salt + 1.00 teaspoon sugar,"['1 cup unsalted pumpkin seed kernels', '1 tablespoon canola oil', '1 teaspoon sugar', '1/2 teaspoon ground cumin', '1/2 teaspoon chipotle chile powder', '1/4 teaspoon kosher salt', '1/4 teaspoon ground cinnamon', 'Dash of ground red pepper']"
ROASTED PEPPERS,2.00 clove garlic + 0.25 cup oil + 1.00 tablespoon vinegar + 0.25 teaspoon pepper + 1.00 teaspoon salt + 2.00 unit pepper,"['2 large bell peppers (substitute with an equivalent amount of Hatch chiles if they are in season).', '2 cloves garlic, chopped', '1 tsp salt', '1/4 tsp ground pepper', '1/4 cup olive oil', '1 tbsp cider vinegar']"
KINGLY BASIL SOUP,3.00 clove garlic + 0.25 cup basil + 1.00 medium onion + 0.50 pound bean + 1.00 pound cube + 1.00 small egg + 2.00 small zucchini + 2.00 tablespoon oil + 0.12 teaspoon pepper + 2.00 teaspoon salt + 2.00 unit celeri + 4.00 unit tomato,"['1/2 Ib dried white kidney beans (great northern)', '1 lb beef (top round, eye of round, or bottom round), cut into 1” cubes', '2 small zucchini, diced', '1 small eggplant, diced', '2 stalks celery, chopped', '1 medium onion, chopped (particularly sweet onions like the Vidalia complement the basil in this dish)', '4 large tomatoes, diced', '1/4 cup fresh chopped basil', '3 cloves garlic, minced', '2 tbsp olive oil', '2 tsp salt', '1/8 tsp crushed red pepper', '3 cups water']"
HERBED POTATO SALAD,0.50 cup bell + 0.50 cup onion + 0.50 cup pepper + 5.50 pound cube + 0.50 tablespoon mustard + 1.00 tablespoon parsley + 0.25 teaspoon pepper + 1.00 teaspoon salt,"['11/2 pounds red potatoes (about 8 potatoes), cut into cubes', '1/2 tablespoon spicy brown mustard', '1 tablespoon chopped fresh parsley', '1 teaspoon garlic salt', '1/4 teaspoon ground black pepper', '1/2 cup chopped red bell pepper', '1/2 cup chopped green bell pepper', '1/2 cup chopped green onions']"
MOROCCAN CHICKEN,1.00 can pea + 2.00 clove garlic + 1.00 cup chicken + 0.50 cup wheat + 0.33 cup yogurt + 1.00 medium onion + 2.00 medium tomato + 1.00 teaspoon coriand + 12.00 unit chicken + 2.00 unit chop + 1.00 unit leaf + 20.00 unit tomato + 4.00 whole salt,"['12 oz. grilled chicken breast, cubed', '1/2 cup whole wheat couscous, dry', '1 cup chicken broth, from bouillon', 'Sun-dried tomatoes, about 20 pieces, chopped', '2 medium tomatoes,', 'chopped', '1 medium onion,', 'chopped', '2 cloves garlic, finely chopped', '1 can green peas, drained', '1/3 cup whole plain yogurt', 'Spices: 1 bay leaf (whole),', '4 whole cardamom pods, dash of cinnamon, dash of turmeric, dash of chili powder, 1 teaspoon salt,', '1 teaspoon ground coriander']"
MANGO CHICKEN STIR-FRY,0.25 cup almond + 0.25 cup juic + 2.00 cup rice + 1.00 pound chicken + 3.00 tablespoon sauc + 0.25 teaspoon ginger + 2.00 unit mango + 1.00 unit pepper + 1.00 unit spray,"['nonstick cooking spray', '1 pound boneless, skinless chicken breasts, cut into bite-size chunks', '1/4 cup pineapple juice', '3 tablespoons low-sodium soy sauce', '1/4 teaspoon ground ginger', '1 red bell pepper, cut into bite-size strips', '2 mangos, pitted and cut into bite-size strips', '1/4 cup toasted, slivered almonds', '2 cups cooked brown rice']"
PEANUT BUTTERSCOTCH SHAKE,0.33 cup chees + 1.00 cup ice + 1.00 scoop chocol + 1.00 tablespoon butter + 2.00 tablespoon flax + 1.00 tablespoon sugar + 1.00 unit splenda,"['1 scoop chocolate whey protein', '1/3 cup lowfat cottage cheese', '2 tbsp flax seeds', '1 tbsp natural peanut butter', '1 tbsp sugar free instant Jell-O, butterscotch flavor', 'Splenda, to taste', '1 cup ice', '1/4 cup water']"
PEANUT BUTTER BANANA BARS,2.00 cup oat + 1.00 cup splenda + 4.00 medium banana + 8.00 scoop powder + 4.00 tablespoon butter + 1.00 teaspoon salt + 1.20 unit banana,"['8 scoops vanilla whey protein powder', '2 cups rolled oats', '4 medium bananas (raw)', '1.2 oz banana chips (about one handful)', '4 tbsp chunky peanut butter', '1 cup granulated Splenda', '1 tsp salt']"
BANANA BERRY PANCAKES,1.00 cup mix + 1.00 cup strawberri + 2.00 tablespoon juic + 1.00 unit banana + 10.00 unit minut,"['10 minutes cook tim', '1 large banana, peeled and sliced', '1 cup unsweetened frozen strawberries, thawed and sliced', '1 cup complete pancake mix', '2 tablespoons orange juice', '1/2 cup water']"
PEASANT STEW,4.00 clove garlic + 10.00 medium mushroom + 2.00 pound cube + 4.00 tablespoon flax + 2.00 tablespoon oil + 2.00 tablespoon parsley + 4.00 unit carrot + 3.00 unit cube + 0.50 unit head + 15.00 unit onion + 1.00 unit salt,"['2 Ibs cubed beef, eye of round, fat removed (use lamb for a more traditional recipe)', '2 large turnips, peeled and cut into 1” cubes', 'Cabbage, 1/2 medium head, sliced', '4 medium-large carrots, thickly sliced', '15 green onions (scallions), chopped', '10 medium mushrooms, halved', '4 tbsp whole flax seeds (or 8 tbsp ground)', '4 cloves garlic, minced', '1 beef bouillon cube', '2 tbsp olive oil', '2 tbsp freshly chopped parsley (or 1 tsp dried)', 'Salt & pepper, to taste', '3 cups water']"
ROAST BEEF HASH,3.00 clove garlic + 1.00 cup onion + 0.25 cup parsley + 1.00 pound beef + 1.00 tablespoon oil + 2.00 teaspoon thyme + 2.50 unit cube + 1.00 unit salt,"['1 Ib leftover beef roast, bottom round, cut into', '1/2-inch cubes', '1 cup coarsely chopped onions or leeks (white part only)', '2 turnips, peeled and cut into 1/2-inch cubes (about 3 cups)', '1 tbsp plus 1 tsp olive oil', '3 cloves garlic, chopped', '2 tsp minced fresh thyme or rosemary', '1/4 cup fresh parsley, chopped', '3/4 cup water', 'Salt & pepper, to taste']"
APPLE TURKEY GYRO,2.00 cup bell + 1.00 cup onion + 2.00 cup pepper + 0.50 cup yogurt + 1.00 medium appl + 0.50 pound turkey + 1.00 tablespoon juic + 1.00 tablespoon oil + 6.00 whole wheat,"['1 cup sliced onion', '1 tablespoon lemon juice', '2 cups sliced red bell pepper', '2 cups sliced green bell pepper', '1 tablespoon vegetable oil', '1/2 pound turkey breast, cut into thin strips', '1 medium apple, cored and sliced', '6 whole wheat pitas, lightly toasted', '1/2 cup lowfat plain yogurt (optional)']"
ROSEMARY SALMON AND ASPARAGUS ON THE GRILL,3.00 clove garlic + 1.00 pound fillet + 2.00 tablespoon juic + 2.00 tablespoon leav + 1.00 tablespoon oil + 20.00 unit asparagu + 1.00 unit salt,"['1 Ib salmon fillets cut into 2 pieces', '20 large asparagus, trimmed', '2 tbsp fresh rosemary leaves', '1 tbsp olive oil', '3 cloves garlic, chopped', '2 tbsp fresh lemon juice', 'Salt and fresh ground pepper, to taste']"
SPINACH ARTICHOKE DIP A,1.00 can artichok heart + 0.50 cup cream + 7.00 ounc chees + 0.25 teaspoon pepper + 2.00 unit chees + 3.00 unit garlic + 1.00 unit spinach,"['1/2 cup fat-free sour cream', '1/4 teaspoon freshly ground black pepper', '3 garlic cloves, minced', '1 (14-ounce) can artichoke hearts, drained and', '1 (10-ounce) package frozen chopped spinach, thawed, drained, and squeezed dry', '1 (8-ounce) block 1/3-less-fat cream cheese, chopped softened softened', '1 (8-ounce) block fat-free cream cheese,', '6 ounces part-skim mozzarella cheese, shredded and divided (about 1 1/2 cups)', '1 ounce fresh Parmesan cheese, grated and divided (about 1/4 cup)']"
BASIC OATMEAL,0.50 cup berri + 1.00 cup milk + 1.00 cup oat + 1.00 dash cinnamon + 1.00 scoop powder + 1.00 unit salt,"['1 cup rolled oats', '1 cup skim milk', '1 scoop vanilla whey protein powder or milk protein blend', '1/2 cup berries (fresh or frozen, your choice of berries)', 'Splenda, to taste Dash salt', 'Dash cinnamon']"
PEAR MANGO SALSA,0.67 cup bell + 0.25 cup onion + 2.00 medium pea + 1.00 small pepper + 3.00 tablespoon cilantro + 2.00 teaspoon oil + 0.50 unit mango,"['2 medium pears, peeled, cored, and cut into small chunks', '1/2 mango, peeled, seeded, and cut into small chunks', '1/3 cup finely chopped yellow bell pepper', '1/3 cup finely chopped red bell pepper', '1/4 cup finely chopped red onion', '1 small jalapefho pepper, seeded and finely chopped', '3 tablespoons finely chopped fresh cilantro', '2 teaspoons vegetable oil']"
FRUIT SALAD,3.00 medium banana + 1.00 tablespoon juic + 2.00 unit fruit + 1.00 unit strawberri,"['1 pint strawberries, sliced', '3 medium bananas, sliced', '2 large kiwi fruits, sliced', '1 tbsp lemon juice']"
SPAGHETTI WITH TURKEY MEAT SAUCE,2.00 can tomato + 2.00 clove garlic + 1.00 cup onion + 1.00 pound spaghetti noodl + 0.75 pound turkey + 1.00 teaspoon oregano + 1.00 teaspoon pepper + 1.00 unit pepper + 1.00 unit spray,"['nonstick cooking spray', '2 cloves garlic, finely chopped', '3/4 pound lean ground turkey', '1 teaspoon crushed dried oregano', '2 (14¥%-ounce) cans diced tomatoes, juice reserved', '1 teaspoon ground black pepper', '1 pound spaghetti noodles', '1 green bell pepper, finely chopped', '1 cup finely chopped onion']"
OATMEAL PANCAKES,1.00 cup butter + 1.00 cup oat + 1.10 ounc flour + 2.00 tablespoon butter + 1.00 tablespoon sugar + 0.25 teaspoon cinnamon + 0.50 teaspoon powder + 0.12 teaspoon salt + 0.50 teaspoon soda + 1.00 unit egg + 1.00 unit spray,"['1.1 ounces all-purpose flour (1/4 cup)', '1 cup quick-cooking oats', '1 tablespoon sugar', '1/2 teaspoon baking powder', '1/2 teaspoon baking soda', '1/4 teaspoon ground cinnamon', '1/8 teaspoon salt', '1 cup nonfat buttermilk', '2 tablespoons butter, melted', '1 large egg', 'Cooking spray']"
CRISPY VEGETABLE QUESADILLAS A,1.00 cup bean + 1.00 cup chile + 0.50 cup corn + 0.75 cup quinoa + 3.00 ounc chees + 5.00 ounc spinach + 6.00 tablespoon cream + 1.00 teaspoon oil + 0.25 teaspoon salt + 2.00 teaspoon sauc + 8.00 unit flour + 1.00 unit spray + 6.00 unit wedg,"['1 teaspoon canola oil', '1 cup coarsely chopped poblano chile', '1/2 cup frozen whole-kernel corn', '3/4 cup packaged precooked quinoa', '1/4 teaspoon salt', '5 ounces fresh spinach (about 8 3/4 cups)', '3 ounces sharp cheddar cheese, shredded (about 3/4 cup)', '1 cup canned unsalted black beans, rinsed and drained', '2 teaspoons Mexican hot sauce (such as Cholula)', '8 (6-inch) flour tortillas', 'Cooking spray', '6 tablespoons light sour cream', '6 lime wedges']"
TUNA APPLE SALAD,2.00 can tuna + 0.25 cup celeri + 2.00 cup green + 0.25 cup raisin + 1.00 medium appl + 2.00 medium wheat + 3.00 tablespoon dress + 2.00 tablespoon onion,"['2 (6-ounce) cans water packed tuna, drained', '1/4 cup golden raisins', '3 tablespoons fat free italian dressing', '2 tablespoons finely chopped red onion', '2 cups salad greens', '1 medium apple, cored and chopped', '2 medium whole wheat pitas', '1/4 cup chopped celery']"
ASIAN SCRAMBLED EGGS,2.00 clove garlic + 1.00 cup mushroom + 6.00 medium scallion + 1.00 tablespoon ginger + 1.00 tablespoon sauc + 2.00 teaspoon oil + 6.00 unit egg + 10.00 unit pea + 0.50 unit pepper + 2.00 whole egg,"['6 egg whites, plus', '2 whole omega-3 eggs, beaten', '1 cup chopped mushrooms', '6 medium scallions (green onions), chopped', '10 snow peas, quartered', '1/2 bell pepper, chopped', '2 tsp peanut oil', '1 tbsp chopped fresh ginger', '2 cloves garlic, chopped', '1 tbsp soy sauce']"
ZUCCHINI SAUTÉ,2.00 clove garlic + 2.75 pound zucchini + 1.00 tablespoon chees + 1.00 tablespoon oregano + 0.50 teaspoon oil + 1.00 teaspoon peel + 0.25 teaspoon pepper + 3.00 unit minut,"['11/4 pounds zucchini (about 3 medium zucchini)', '1/2 teaspoon olive oil peel, and sauté for about', '3 minutes until zucchini is lightly browned.', '1 tablespoon dried oregano', '2 cloves garlic, finely chopped', '1 teaspoon grated lemon peel', '1 tablespoon grated parmesan cheese', '1/4 teaspoon ground black pepper']"
CHICKEN WITH BRUSSELS SPROUTS & MUSTARD SAUCE,0.25 cup appl + 0.75 cup chicken + 12.00 ounc brussel sprout + 2.00 tablespoon butter + 2.00 tablespoon mustard + 2.00 tablespoon oil + 1.00 tablespoon parsley + 0.25 teaspoon pepper + 0.38 teaspoon salt + 4.00 unit chicken,"['2 tablespoons olive oil, divided', '4 (6-ounce) skinless, boneless chicken breast halves', '3/8 teaspoon salt, divided', '1/4 teaspoon freshly ground black pepper', '3/4 cup fat-free, lower-sodium chicken broth, divided (certified gluten-free if necessary)', '1/4 cup unfiltered apple cider', '2 tablespoons whole-grain Dijon mustard (certified gluten-free if necessary)', '2 tablespoons butter, divided', '1 tablespoon chopped fresh flat-leaf parsley', '12 ounces Brussels sprouts, trimmed and halved']"
OAT SALAD WITH GRILLED CHICKEN BREAST,0.50 cup oat + 0.33 cup parsley + 1.00 unit chicken + 1.00 unit cucumb + 2.00 unit leav + 6.00 unit oz + 1.00 unit salt + 2.00 unit scallion + 1.00 unit tomato,"['Chicken breast,', '6 oz cooked', '1/2 cup steel-cut oats', '1 large tomato, chopped', '1 large cucumber, chopped', '2 scallions (green onions), diced', '1/3 cup fresh mint and/or parsley, chopped', 'Juice from 1 fresh lemon Dash of salt', '2 large romaine leaves']"
MEATLOAF,1.00 cup chees + 0.50 cup oat + 0.25 cup pepper + 1.00 medium onion + 1.00 pound beef + 2.00 tablespoon flax + 0.25 teaspoon pepper + 0.50 teaspoon salt + 2.00 unit celeri + 1.00 unit egg + 1.00 unit garlic + 1.00 unit sauc,"['1 pound 96% lean ground beef', '1 cup lowfat cottage cheese', '1/2 cup oat bran', '1 beaten omega-3 egg (e.g., Pilgrim’s Pride Eggs Plus or Eggland’s Best)', '1 medium onion, finely chopped', '1/4 cup chopped green pepper', '2 stalks chopped celery', '2 tbsp whole flax seeds, or 4 tbsp ground', '1 crushed garlic clove', '1/2 teaspoon salt', '1/4 teaspoon pepper', 'Optional spices: paprika, basil, Tabasco, Worcestershire sauce (not all together!)']"
TROPICAL EYE OPENER,1.00 cup cube + 1.00 cup pineappl s* + 0.75 cup vanilla + 1.00 unit banana + 1.00 unit mango,"['1 mango, peeled, seeded, and cut into chunks', '1 large banana, peeled and sliced', '1 cup undrained pineapple chunks*', '3/4 cup lowfat vanilla frozen yogurt', '1 cup ice cubes']"
GREAT GRAPE SMOOTHIE,0.50 cup banana + 0.50 cup ingredi + 0.50 cup orang + 1.00 cup seed + 0.50 cup strawberri + 1.00 unit hour,"['1 cup seedless grapes', '1/2 cup frozen cherries ve fi hi freeze grapes before blending ingredients. to freeze grapes, rinse, dry, and spread grapes in a single layer on a cake pan or pie pan. cover and freeze', '1¥% to 2 hours until completely frozen.', '1/2 cup unsweetened frozen strawberries', '1/2 cup orange slices', '1/2 cup banana slices']"
SMOKY TILAPIA TACOS,2.00 pound fillet + 1.00 tablespoon cilantro + 1.00 tablespoon oil + 2.00 teaspoon chile + 0.25 teaspoon coriand + 1.00 teaspoon paprika + 0.25 teaspoon pepper + 1.00 teaspoon powder + 0.38 teaspoon salt + 1.00 unit avocado + 12.00 unit corn + 1.00 unit spray + 6.00 unit wedg,"['1 teaspoon garlic powder', '1 teaspoon Spanish smoked paprika', '1/4 teaspoon ground coriander', '1/4 teaspoon freshly ground black pepper', '3/8 teaspoon kosher salt, divided', '2 pounds tilapia fillets', '1 tablespoon olive oil', '1 tablespoon finely chopped fresh cilantro', '2 teaspoons canned chopped green chiles', '1 diced peeled avocado', '12 (6-inch) corn tortillas (certified gluten-free if necessary)', 'Cooking spray', '6 lime wedges']"
CRANBERRY OAT BROWNIES,0.33 cup cranberri + 1.50 cup powder + 0.33 cup sauc + 1.00 cup splenda + 1.00 cup wheat + 0.67 cup yogurt + 5.00 scoop powder + 2.00 tablespoon honey + 1.00 tablespoon oil + 1.00 teaspoon cinnamon + 2.00 teaspoon powder + 0.50 teaspoon salt + 1.00 unit oil,"['1.5 cups rolled oats, ground into a powder in a food processor', '1 cup whole wheat flour', '5 scoops chocolate protein powder', '1 cup granulated Splenda', '1/3 cup dried cranberries', '2 tsp baking powder', '1 tsp cinnamon', '1/2 tsp salt', '2/3 cup nonfat plain yogurt', '1/3 cup applesauce', '2 tbsp honey', '1 tbsp olive oil or', 'flax oil']"
TENNESSEE BURGER WITH BOURBON BBQ SAUCE,0.50 cup lower-sodium ketchup + 3.00 cup onion + 1.00 tablespoon honey + 5.00 tablespoon vinegar + 1.00 teaspoon oil + 0.25 teaspoon onion + 0.25 teaspoon paprika + 2.00 teaspoon pepper + 0.50 teaspoon salt + 2.00 teaspoon sauc + 3.00 unit bacon + 5.50 unit sirloin + 1.00 unit spray + 6.00 unit tomato,"['3 bacon slices', '1 teaspoon extra-virgin olive oil', '3 cups vertically sliced red onion', '5 tablespoons bourbon, divided 1 tablespoon balsamic vinegar', '1/2 teaspoon kosher salt, divided', '1/2 cup lower-sodium ketchup', '1 tablespoon Dijon mustard 2 teaspoons honey', '2 teaspoons hot pepper sauce', '2 teaspoons Worcestershire sauce', '1/4 teaspoon smoked paprika', '1/4 teaspoon garlic powder 1/4 teaspoon onion powder', '1 1/2 pounds 90% lean ground sirloin', 'Cooking spray', '6 (1 1/2-ounce) French bread hamburger buns 6 (1/4-inch-thick) slices tomato']"
PERUVIAN CHICKEN,4.00 clove garlic + 0.50 cup cilantro + 0.25 cup juic + 1.00 pound chicken + 1.00 teaspoon oil + 1.00 teaspoon paprika + 0.25 teaspoon salt + 1.00 unit quinoa + 2.00 unit squash + 1.00 unit tomato,"['1 Ib roasted chicken breast, sliced', 'Steamed quinoa grain, from 1 cup dry', '2 yellow squash, sliced', '1 tomato, chopped', '1/2 cup fresh cilantro, chopped', '1/4 cup lime juice', '1 tsp olive oil', '4 cloves garlic, chopped', '1/4 tsp salt', '1 tsp paprika']"
FALL VEGETABLE CURRY,1.00 can pea + 1.00 can tomato + 0.50 cup broth + 1.00 cup floret + 0.25 cup onion + 1.00 cup potato + 0.50 cup yogurt + 2.00 tablespoon cilantro + 2.00 teaspoon powder + 0.25 teaspoon salt + 5.50 unit oil,"['1 1/2 teaspoons olive oil', '1 cup diced peeled sweet potato', '1 cup small cauliflower florets', '1/4 cup thinly sliced yellow onion', '2 teaspoons Madras curry powder', '1/2 cup organic vegetable broth (such as Swanson; certified gluten-free if necessary)', '1/4 teaspoon salt', '1 (15-ounce) can chickpeas (garbanzo beans), rinsed and drained (certified gluten-free if necessary)', '1 (14.5-ounce) can no-salt-added diced tomatoes, undrained', '2 tablespoons chopped fresh cilantro', '1/2 cup plain 2% reduced-fat Greek yogurt (certified gluten-free if necessary)']"
BREAKFAST FRUIT CUP,0.33 cup vanilla + 1.00 medium banana + 1.00 tablespoon raisin + 0.50 teaspoon cinnamon + 2.00 unit orang,"['2 oranges, peeled, seeded, and sliced into bite-size pieces', '1 medium banana, peeled and sliced', '1 tablespoon raisins', '1/3 cup lowfat vanilla yogurt', '1/2 teaspoon ground cinnamon']"
STRIPED BASS WITH ARTICHOKES AND ASPARAGUS,2.00 clove garlic + 0.33 cup parsley + 1.00 pound asparagu + 1.50 pound fillet + 1.00 tablespoon oil + 4.00 tablespoon oliv + 1.50 tablespoon wine + 1.00 teaspoon salt + 114.00 unit artichok heart + 2.00 unit ingredi + 1.00 unit lemon + 1.00 unit salt,"['Fish Roasting Ingredients:', '1.5 lb striped bass fillets, with skin', '2 cloves garlic, sliced thin', '4 tbsp sliced olives (preferably Greek)', '1.5 tbsp dry white wine', '1 tsp olive oil Salt and pepper, to taste', 'Vegetable Bed Ingredients:', '1 lemon, halved', '1 14-ounce can (or 1 box frozen) artichoke hearts, drained', '1 lb asparagus, trimmed and cut into 2-inch lengths', '1/3 cup fresh parsley', '1 tbsp olive oil', 'Salt & pepper, to taste']"
SPINACH AND CHEESE OMELET,0.50 cup mushroom + 1.00 slice chees + 6.00 unit egg + 0.33 unit onion + 4.00 unit oz + 1.00 unit spinach,"['6 large egg whites (1 cup) plus one whole omega-3 egg, beaten', '4 oz. smoked turkey “ham”, chopped', '1 handful fresh spinach (or 1/3 cup frozen, thawed and drained)', '1/2 cup mushrooms, sliced', '1/3 onion, chopped', '1 slice fat free cheese']"
DENVER OMELET,1.00 slice chees + 0.50 small onion + 2.00 teaspoon oil + 6.00 unit egg + 0.50 unit pepper + 4.00 unit turkey,"['6 large egg whites (1 cup) plus one whole omega-3 egg, beaten', '4 oz turkey ham, chopped', '1/2 fresh green pepper, cut into strips', '1/2 small onion, chopped', '1 slice fat free cheese', '2 tsp butter , coconut oil, or Smart Balance spread']"
PARADISE FREEZE,0.50 cup cube + 2.00 cup strawberri + 1.00 unit banana + 2.00 unit mango,"['1 large banana', '2 cups strawberries', '2 ripe mangos, chopped', '1/2 cup of ice cubes']"
CRUNCHY CHICKPEAS,2.00 can pea + 2.00 tablespoon oil + 1.00 teaspoon cumin + 0.12 teaspoon onion + 0.25 teaspoon pepper + 0.75 teaspoon salt + 1.00 unit garlic,"['2 (15 1/2-ounce) cans organic chickpeas (garbanzo beans), rinsed and drained (certified gluten-free is necessary)', '2 tablespoons canola oil', '1 teaspoon ground cumin', '3/4 teaspoon kosher salt', '1/4 teaspoon ground red pepper', '1/8 teaspoon onion powder', '1 garlic clove, minced']"
AVOCADO TORTILLA SOUP,3.00 can chicken + 2.00 can tomato + 3.00 clove garlic + 0.50 teaspoon pepper + 1.00 unit avocado + 0.50 unit cilantro + 8.00 unit corn,"['3 (14-ounce) cans low-sodium chicken broth', '1/2 teaspoon ground black pepper', '1 ripe california avocado, peeled, pitted, and chopped', '2 (10%4-ounce) cans low-sodium condensed tomato soup', '8 corn tortilla chips, crumbled', '1/2 bunch cilantro, leaves only', '3 cloves garlic, finely chopped']"
CHILI-GARLIC GLAZED SALMON,3.00 tablespoon onion + 3.00 tablespoon sauc + 0.75 teaspoon sauc + 4.00 unit fillet + 5.50 unit onion + 1.00 unit spray,"['3 tablespoons chili sauce with garlic (such as Hokan; certified gluten-free if necessary)', '3 tablespoons minced green onions (about 3', '1 1/2 tablespoons low-sugar orange green onions) marmalade', '3/4 teaspoon low-sodium soy sauce (certified gluten-free if necessary)', '4 (6-ounce) salmon fillets', 'Cooking spray']"
GRILLED PEPPERS AND TOMATOES,2.00 medium pepper + 2.00 medium tomato + 1.00 tablespoon oil + 1.00 unit onion + 1.00 unit salt,"['1 large onion', '2 medium bell peppers', '2 medium tomatoes', '1 tbsp olive oil', 'Salt & pepper, to taste Optional spices: bay leaf, turmeric, curry, parsley, oregano, basil (not all together!)']"
BULKER’S OMELET,0.50 cup chees + 0.25 cup coriand + 0.50 small onion + 2.00 teaspoon oil + 6.00 unit egg + 1.00 unit tomato + 6.00 unit turkey,"['6 egg whites (1 cup), plus 3 whole omega-3 eggs, beaten', '6 oz lean turkey sausage', '1 Roma tomato, chopped', '1/2 small onion, chopped', '1/4 cup fresh coriander, chopped', '1/2 cup shredded Colby cheese', '2 tsp butter, coconut oil, or Smart Balance spread']"
CHICKEN WITH CHICK PEAS,1.00 can pea + 2.00 clove garlic + 0.25 teaspoon cumin + 2.00 teaspoon oil + 0.25 teaspoon salt + 2.00 unit cardamom pod + 8.00 unit chicken + 0.50 unit onion + 1.00 unit tomato,"['8 oz roasted chicken breast, chopped', '1 can (15.5 oz) chickpeas, drained', '1/2 onion, chopped', '1 large tomato, chopped', '2 tsp olive oil', '2 cloves garlic, chopped', '1/4 tsp cumin', '1/4 tsp salt', '2 cardamom pods']"
APPLE COBBLER PROTEIN BARS,2.00 cup oat + 1.00 cup sauc + 1.00 cup splenda + 1.00 cup wheat + 0.67 cup yogurt + 6.00 scoop powder + 2.00 tablespoon honey + 1.00 tablespoon oil + 2.00 teaspoon cinnamon + 0.50 teaspoon salt + 2.00 teaspoon vanilla + 1.00 unit appl + 1.00 unit egg,"['1 cup oat flour', '1 cup whole wheat flour', '6 scoops strawberry or vanilla whey protein powder', '2/3 cup nonfat plain yogurt', '1 omega-3 egg', '1 cup oat bran', '1 cup granulated Splenda', '1 cup applesauce, unsweetened', '2 tbsp honey', '1 large apple, cored and chopped', '2 tsp vanilla extract', '2 tsp cinnamon', '1/2 teaspoon salt', '1 tbsp olive oil']"
CITRUS CHICKEN-STUFFED ACORN SQUASH,2.00 medium onion + 2.00 medium squash + 1.00 pound chicken + 1.00 tablespoon orang + 0.50 teaspoon leav + 0.50 teaspoon pepper + 0.50 teaspoon salt + 2.00 unit celeri,"['2 medium acorn squash', '1/2 cup water', '1 Ib Chicken breast, cut into 1-inch cubes', '2 medium onions, chopped', '2 large stalks celery, sliced 1/4-inch (1 cup)', '1/2 teaspoon salt', '1/2 teaspoon pepper', '1/2 teaspoon dried thyme leaves', '1 tablespoon freshly grated orange peel']"
CHICKPEA DIP WITH FRESH VEGETABLES,1.00 can pea + 3.00 clove garlic + 0.50 cup pea + 0.25 cup yogurt + 1.00 medium carrot + 2.00 medium celeri + 1.00 tablespoon juic + 1.00 teaspoon oil + 0.25 teaspoon paprika + 0.12 teaspoon pepper + 0.25 teaspoon salt,"['1 (15-ounce) can chickpeas (known as garbanzo beans), drained and rinsed', '1/4 teaspoon paprika', '1/8 teaspoon ground black pepper', '1 medium carrot, sliced', '3 cloves garlic', '1/4 cup plain lowfat yogurt', '2 medium celery stalks, sliced', '1 tablespoon lemon juice', '1/2 cup snap peas', '1 teaspoon olive oil', '1/4 teaspoon salt']"
CHOCOLATE PEANUT BUTTER SHAKE,0.50 cup chees + 1.00 cup dairi beverag + 1.50 cup ice + 2.00 tablespoon butter + 1.00 unit splenda,"['1 cup Carb Countdown Dairy Beverage, Chocolate 2%', '1/2 cup 2% cottage cheese', '2 tbsp natural peanut butter', '1.5 cup ice', 'Splenda, to taste']"
TURKEY MEATBALLS,4.00 clove garlic + 0.50 cup flax + 0.25 cup wheat + 1.00 pound turkey + 0.50 small onion + 3.00 unit egg + 1.00 unit salt,"['1 lb. ground turkey breast', '1/2 cup ground flax seeds', '1/4 cup wheat bran', '1/2 small onion, chopped fine', '4 cloves garlic, chopped', '1 omega-3 egg plus', '2 regular egg whites, beaten', 'Salt and pepper, to taste']"
PAPAYA BOATS,1.00 can orang + 1.00 cup strawberri + 0.75 cup vanilla + 1.00 medium banana + 1.00 tablespoon honey + 2.00 teaspoon mint + 1.00 unit fruit + 2.00 unit papaya,"['2 papayas, rinsed and peeled', '1 medium banana, peeled and sliced', '1 kiwifruit, peeled and sliced', '1 cup sliced strawberries', '1 (11-ounce) can mandarin oranges, drained', '3/4 cup lowfat vanilla yogurt', '1 tablespoon honey*', '2 teaspoons chopped fresh mint (optional)']"
FAJITA CHICKEN AND RICE,0.50 cup salsa + 1.00 pound chicken + 1.00 small onion + 2.00 tablespoon juic + 0.12 teaspoon cumin + 1.00 teaspoon paprika + 1.00 unit pepper + 1.00 unit rice + 1.00 unit salt,"['1 Ib roasted chicken breast, cut into fajita strips', 'Steamed brown rice, from 1 cup dry', '1 small onion, sliced', '1 bell pepper, sliced', '1/2 cup salsa', '1 tsp paprika', '1/8 tsp cumin', '2 tbsp lime juice', 'Salt & pepper, to taste']"
TROPICAL FRUIT AND NUT SNACK MIX,0.50 cup almond + 0.50 cup banana + 0.75 cup fruit + 0.25 cup honey + 2.00 cup oat + 0.25 cup raisin + 1.00 tablespoon butter + 1.00 teaspoon almond + 1.00 teaspoon cinnamon,"['1 tablespoon butter', '1/4 cup honey*', '1/2 cup sliced almonds', '3/4 cup dried tropical fruit bits', '1 teaspoon almond or coconut extract', '1/2 cup banana chips', '1 teaspoon ground cinnamon', '1/4 cup raisins', '2 cups old fashioned oats']"
GARLICKY GRILLED CHEESE WITH BACON & SPINACH,8.00 cup leav + 4.00 ounc chees + 0.50 teaspoon oil + 4.00 unit bacon + 8.00 unit bread + 2.00 unit garlic,"['1/2 teaspoon olive oil', '2 large garlic cloves, thinly sliced', '4 cups baby spinach leaves', '4 cups baby arugula leaves', '4 center-cut bacon slices, halved', '8 (1-ounce) rustic Italian bread slices', '2 ounces part-skim mozzarella cheese, shredded (about 1/2 cup)', '2 ounces fontina cheese, shredded (about 1/2 cup)']"
BAKED YAM WITH TURKEY MEATBALL MARINARA,8.00 clove garlic + 2.00 medium onion + 3.00 medium tomato + 1.00 medium yam + 1.00 pound turkey + 1.00 unit basil + 1.00 unit egg + 1.00 unit pepper + 1.00 unit salt,"['1 lb. ground turkey breast (97-98% lean)', '3 medium tomatoes', '2 medium yellow or white onions', '8 cloves garlic', '1 large green pepper', '1 omega-3 egg, beaten', '1 medium yam', 'Dried oregano and basil, dash of each', 'Salt & pepper, to taste']"
TABOULI,1.00 clove garlic + 0.50 cup juic + 0.50 cup leaf + 2.00 cup parsley + 4.00 tablespoon oil + 1.00 unit cucumb + 1.00 unit salt + 8.00 unit scallion + 2.00 unit tomato,"['1 cucumber, chopped', '2 tomatoes, chopped', '8 scallions (green onions), chopped', '1/2 cup fresh mint leafs, chopped', '2 cups fresh parsley, chopped', '1 clove garlic, chopped', '4 tbsp olive oil', '1/2 cup lemon juice', 'Salt & pepper, to taste']"
PROTEIN PANCAKES,0.75 cup chees + 1.00 cup wheat + 3.00 tablespoon flax + 3.00 unit egg + 2.00 unit powder,"['1 cup whole wheat pancake mix (any variety will do, as long as it’s whole wheat)', '2 heaping scoops of vanilla whey protein powder', '3/4 cup lowfat cottage cheese', '3 egg whites (1/2 cup)', '3 tbsp flax seeds', '1/4 cup water']"
PRE-BED SNACK,0.50 cup chees + 1.00 scoop chocol + 1.00 tablespoon butter + 2.00 tablespoon flax + 1.00 unit splenda,"['1/2 cup lowfat cottage cheese (2%)', '2 tbsp flax meal', '1 tbsp natural peanut butter', '1 scoop chocolate whey protein with casein (e.g., Low-Carb Grow!)', 'Splenda, to taste']"
GRILLED STUFFED JALEPEÑOS,0.25 cup onion + 9.00 ounc chees + 1.00 small garlic + 2.00 tablespoon cilantro + 2.00 tablespoon tomato + 1.00 teaspoon juic + 0.25 teaspoon salt + 2.00 unit bacon + 14.00 unit pepper + 1.00 unit spray,"['2 center-cut bacon slices', '4 ounces cream cheese, softened (about 1/2 cup)', '4 ounces fat-free cream cheese, softened (about', '1 ounce extra-sharp cheddar cheese, shredded 1/2 cup) (about 1/4 cup)', '1/4 cup minced green onions', '1 teaspoon fresh lime juice', '1/4 teaspoon kosher salt', '1 small garlic clove, minced', '14 jalapeño peppers, halved lengthwise and seeded', 'Cooking spray', '2 tablespoons chopped fresh cilantro', '2 tablespoons chopped seeded tomato']"
HUEVOS RANCHEROS WITH FRESH SALSA,5.50 cup egg + 2.00 cup salsa + 2.00 tablespoon chees + 0.50 tablespoon oil + 0.12 teaspoon pepper + 4.00 unit corn,"['4 (6-inch) corn tortillas', '1/2 tablespoon vegetable oil', '2 tablespoons shredded cheddar or monterey jack cheese', '2 cups fresh salsa (see page 54)', '11/2 cups egg substitute', '1/8 teaspoon ground black pepper']"
AVOCADO GARDEN SALAD,6.00 cup green + 3.00 medium tomato + 1.00 small cucumb + 2.00 tablespoon juic + 0.50 teaspoon pepper + 0.33 teaspoon powder + 0.50 teaspoon salt + 1.00 unit avocado + 5.00 unit onion,"['6 cups torn or cut mixed salad greens', '2 tablespoons lemon juice', '1/3 teaspoon garlic powder', '3 medium tomatoes, chopped', '1/2 teaspoon ground black pepper', '5 green onions, chopped', '1/2 teaspoon salt', '1 small cucumber, peeled and chopped', '1 large avocado, peeled']"
SIMPLE FISH TACOS,2.00 cup cabbag + 0.50 cup cream + 2.00 cup tomato + 1.00 pound fillet + 2.00 tablespoon juic + 1.00 tablespoon oil + 12.00 unit corn + 0.50 unit packag,"['1 pound cod or white fish fillets, cut into 1-inch pieces', '1 cup shredded red cabbage', '1 cup shredded green cabbage', '1 tablespoon olive oil', '2 cups chopped tomatoes', '2 tablespoons lemon juice', '1/2 cup nonfat sour cream', '1/2 package taco seasoning', '12 (6-inch) warmed corn tortillas']"
ALMOND-CRUSTED SEA SCALLOPS WITH TOMATO-ONION GRATIN (ANYTIME,0.50 cup almond + 0.33 cup chees + 0.25 cup cilantro + 1.00 medium onion + 2.00 medium tomato + 1.50 pound sea scallop + 1.00 tablespoon oil + 2.00 teaspoon oil + 0.25 teaspoon pepper + 0.50 teaspoon salt + 2.00 unit garlic + 1.00 unit ingredi + 1.00 unit salt + 1.00 unit tomato,"['Almond-Crusted Sea Scallops Ingredients:', '1.5 lb sea scallops, rinsed and patted dry', '1/2 cup almonds, ground into meal in a blender', '1/2 tsp salt', '1/4 tsp cayenne pepper', '1 tbsp olive oil', 'Tomato-Onion Gratin Ingredients:', '1 medium onion (preferably Vidalia), sliced', '2 medium tomatoes, cut into 1/4-inch thick wedges', '1/3 cup grated Parmesan cheese', '2 garlic cloves, chopped', '2 tsp olive oil', '1/4 cup fresh cilantro, coarsely chopped', 'Salt & pepper, to taste']"
MEXICAN FRITTATA,0.33 cup chees + 0.25 cup salsa + 1.00 medium tomato + 0.50 small onion + 2.00 teaspoon oil + 1.00 teaspoon paprika + 6.00 unit egg + 0.50 unit pepper + 4.00 unit turkey,"['6 egg whites (1 cup), plus 1 whole omega-3 egg, beaten', '4 oz lean turkey sausage or turkey/chicken chorizo if you can find it', '1/2 red bell pepper, chopped', '1/2 small onion, chopped', '1 medium tomato, chopped', '1/3 cup shredded cheddar cheese', '1/4 cup salsa', '2 tsp butter , coconut oil, or Smart Balance spread', '1 tsp paprika']"
PEACH CRUMBLE,4.00 can juic + 0.33 cup flour + 0.67 cup oat + 0.25 cup sugar + 10.50 tablespoon butter + 2.00 tablespoon corn + 2.75 teaspoon cinnamon + 1.00 teaspoon vanilla + 1.00 unit spray,"['nonstick cooking spray', '4 (15-ounce) cans juice packed peach slices, drained*', '2 tablespoons cornstarch', '1 teaspoon vanilla', '11/4 teaspoons ground cinnamon', '2/3 cup old fashioned oats', '1/4 cup brown sugar', '1/3 cup flour', '21/2 tablespoons butter']"
PEACHY PEANUT BUTTER PITA POCKETS,0.25 cup butter + 2.00 medium wheat + 0.50 unit appl + 0.50 unit banana + 0.50 unit pea,"['2 medium whole wheat pita pockets', '1/2 banana, thinly sliced', '1/2 fresh peach, thinly sliced', '1/4 cup reduced fat chunky peanut butter', '1/2 apple, cored and thinly sliced']"
SALMON IN A BASIL CREAM SAUCE,2.00 clove garlic + 0.75 cup basil + 0.12 cup parsley + 0.33 cup wine + 0.50 cup yogurt + 1.00 pound fillet + 1.00 tablespoon oil + 0.12 teaspoon salt + 1.00 unit lemon + 23.00 unit shallot,"['1 Ib salmon fillets, cut into 2 pieces and de-skinned', '3/4 cup fresh chopped basil', '1/8 cup fresh chopped parsley', '2-3 shallots, chopped', '1/2 cup whole plain yogurt', '1/3 cup white cooking wine', 'Juice from 1 large fresh lemon', '2 cloves garlic, minced', '1 tbsp olive oil', '1/8 tsp salt']"
CHICKEN WITH SQUASH IN A CREAM SAUCE,0.50 cup chees + 2.00 cup mushroom + 0.67 cup yogurt + 3.00 medium squash + 1.00 pound chicken + 0.50 tablespoon oil + 0.50 teaspoon powder + 1.00 unit chicken + 0.50 unit onion + 1.00 unit salt + 1.00 unit spread,"['1 lb roasted chicken breast, chopped or torn into chunks', '3 medium yellow squash, sliced', '2 cups sliced mushrooms', '1/2 large yellow onion, chopped', '2/3 cup whole plain yogurt', '1/2 cup shredded cheddar cheese', '1/2 tbsp butter, coconut oil, or Smart Balance', 'spread', '1 chicken bouillon cube dissolved in 1/2 cup water', '1/2 tsp garlic powder', 'Salt & pepper, to taste']"
SAVORY GREENS,2.00 clove garlic + 0.25 cup onion + 2.00 pound green + 0.25 pound turkey + 1.00 tablespoon pepper + 1.00 teaspoon ginger + 0.25 teaspoon pepper + 0.50 teaspoon thyme + 1.00 unit onion,"['3 cups water', '1/4 pound skinless, smoked turkey breast', '1/4 cup chopped onion', '1 tablespoon chopped and seeded jalapeno pepper (optional)', '2 cloves garlic, crushed', '1/4 teaspoon cayenne pepper', '1/4 teaspoon ground cloves', '1/2 teaspoon dried thyme', '1 green onion, chopped', '1 teaspoon ground ginger', '2 pounds greens (mixture of mustard greens, collard greens, kale, and turnip greens)']"
APPLE CHICKEN CASSEROLE,3.00 clove garlic + 0.50 cup chees + 1.00 cup chicken + 2.00 medium onion + 1.00 pound chicken + 1.00 tablespoon ginger + 0.50 teaspoon cumin + 2.00 unit appl + 1.00 unit butter + 0.50 unit cube,"['1 Ib chicken breast, cut into 1-inch cubes', '2 apples, peeled, cored, and chopped into', '1/2-inch cubes', '1 butternut squash, peeled and cubed (4 cups cubed)', '2 medium onions, chopped', '3 cloves garlic, chopped', '1/2 cup shredded lowfat Havarti cheese', '1 cup chicken stock (from bouillon)', '1 tbsp fresh ginger root, chopped', '1/2 teaspoon ground cumin']"
HUMMUS,3.00 can pea + 6.00 clove garlic + 0.33 cup oil + 5.00 tablespoon tahini + 0.33 teaspoon salt + 2.00 unit lemon,"['3 cans chickpeas (5 cups), drained and rinsed thoroughly', '5 tbsp tahini', '6 cloves garlic, minced', 'Juice from 2 large fresh lemons', '1/3 cup olive oil, plus', '1 tbsp (for browning garlic)', '1/3 tsp salt', '1/8 to 1/4 cup water']"
STEEL CUT OATS WITH BLUEBERRY COMPOTE,2.00 cup blueberri + 1.00 cup oat + 0.25 cup sugar + 1.00 tablespoon butter + 1.00 tablespoon juic + 0.50 teaspoon cinnamon + 1.00 teaspoon rind + 0.25 teaspoon salt,"['2 cups frozen blueberries', '1/4 cup sugar', '1 teaspoon grated lemon rind', '1 tablespoon fresh lemon juice', '1/2 teaspoon ground cinnamon, divided', '4 cups water', '1 cup steel-cut oats (certified gluten-free if necessary)', '1/4 teaspoon salt', '1 tablespoon butter']"
HUEVOS RANCHEROS TACOS,0.50 cup bean + 0.50 cup chees + 0.25 cup cilantro + 0.25 cup pico gallo + 2.00 tablespoon crema + 2.00 teaspoon oil + 0.25 teaspoon pepper + 4.00 unit corn + 4.00 unit egg + 0.50 unit ripe + 1.00 unit spray + 4.00 unit wedg,"['4 (6-inch) corn tortillas', 'Cooking spray', '1/2 cup shredded reduced-fat 4-cheese Mexican blend cheese', '1/2 cup black beans, rinsed and drained', '2 teaspoons olive oil', '4 large eggs', '1/4 teaspoon black pepper', '1/4 cup fresh pico de gallo', '2 tablespoons Mexican crema', '1/2 ripe peeled avocado, chopped', '1/4 cup fresh cilantro leaves', '4 lime wedges']"
SAVORY GRILLED FRUIT,4.00 unit pea,"['4 peaches, plums, or nectarines, halved and pitted']"
PEPPERED SIRLOIN WITH GRILLED ONIONS AND BALSAMIC SYRUP,1.00 cup vinegar + 1.00 teaspoon ginger + 2.00 teaspoon oil + 1.00 unit onion + 1.00 unit salt + 1.25 unit sirloin,"['1.25]b sirloin steak', '1 large onion, sliced', '1 cup balsamic vinegar', '1 tsp finely grated fresh ginger', '1 tsp olive oil', '1 tsp butter, coconut oil, or Smart Balance butter spread', 'Salt & pepper, to taste']"
SEARED GROUND BEEF WITH ZUCCHINI AND TOMATOES (ANYTIME,3.00 clove garlic + 0.50 medium onion + 1.00 pound beef + 2.00 tablespoon basil + 1.00 tablespoon oil + 1.00 unit salt + 1.00 unit tomato + 1.00 unit zucchini,"['1 Ib 96% lean ground beef', '1 large zucchini, sliced', '1 large tomato, chopped', '1/2 medium onion, chopped', '3 cloves garlic, chopped', '2 tbsp fresh chopped basil', '1 tbsp olive oil', 'Salt & pepper, to taste']"
CARROT SALAD,0.50 cup appl + 0.50 cup raisin + 0.50 cup yogurt + 1.00 dash salt + 1.00 pound carrot + 1.00 unit splenda,"['1 Ib carrots (4-5 large), peeled and grated', '1/2 cup pineapple chunks (unsweetened), drained', '1/2 cup whole plain yogurt', '1/2 cup raisins, plumped in water (see below)', 'Splenda, to taste (doesn’t need much)', 'Dash of salt']"
NUTS & FLAX SHAKE,0.33 cup chees + 1.00 cup ice + 0.50 ounc almond + 0.50 ounc walnut + 1.00 scoop vanilla + 2.00 tablespoon flax + 1.00 unit splenda,"['1 scoop vanilla whey protein', '1/3 cup lowfat cottage cheese', '2 tbsp flax seeds', '1/2 ounce almonds', '1/2 ounce walnuts', '1 cup ice', '1/4 cup water', 'Splenda, to taste']"
CHICAGO DEEP DISH PIZZA,2.00 clove garlic + 0.50 cup mozzarella + 1.00 cup mushroom + 1.50 cup wheat + 0.50 pound beef + 1.00 small onion + 0.25 teaspoon salt + 1.00 unit basil + 1.00 unit crust + 0.50 unit pepper + 1.00 unit pie + 1.00 unit tomato,"['Crust:', '/2 cup whole wheat flour', 'cup wheat bran', '/4 tsp baking powder /4 tsp salt', '/2 cup water', 'Pie:', '/2 Ib 96% lean ground beef', 'small onion', '2 cloves garlic', 'cup chopped mushrooms', 'large tomato', '/2 large green pepper', '', '/2 cup shredded mozzarella', 'Basil and oregano, to taste']"
GREEK STYLE CHICKEN WRAPS,1.00 cup tomato + 4.00 ounc chicken + 2.00 tablespoon chees + 6.00 tablespoon hummu + 1.00 tablespoon oil + 3.00 tablespoon oliv + 1.00 tablespoon oregano + 0.12 teaspoon pepper + 2.00 unit cucumb + 6.00 unit flour + 5.50 unit juic,"['1 cup grape tomatoes, halved', '3 tablespoons pitted kalamata olives, coarsely chopped', '2 tablespoons crumbled feta cheese', '1 1/2 tablespoons fresh lemon juice', '1 tablespoon chopped fresh oregano', '1 tablespoon olive oil', '1/8 teaspoon ground red pepper', '4 ounces shredded skinless, boneless rotisserie chicken breast (about 1 cup)', '2 Kirby or small cucumbers, chopped', '6 tablespoons plain hummus', '6 (8-inch) whole-wheat flour tortillas']"
FUDGY FRUIT,0.25 cup pea + 2.00 tablespoon chocol + 2.00 unit banana + 8.00 unit strawberri,"['2 tablespoons semi-sweet chocolate chips', '8 large strawberries', '1/4 cup chopped unsalted peanuts', '2 large bananas, peeled and cut into quarters']"
GRILLED STEAK WITH BABY ARUGULA AND PARMESAN SALAD,4.00 cup babi arugula + 0.25 cup chees + 1.00 tablespoon chive + 1.00 tablespoon juic + 1.00 tablespoon oil + 0.50 teaspoon mustard + 0.50 teaspoon pepper + 0.38 teaspoon salt + 1.00 teaspoon thyme + 4.00 unit flat-iron steak + 2.00 unit lemon,"['1 teaspoon chopped fresh thyme', '1/4 teaspoon kosher salt', '1/2 teaspoon freshly ground black pepper, divided', '4 (4-ounce) flat-iron steaks', '2 lemons, halved', '1 tablespoon chopped fresh chives', '1 tablespoon extra-virgin olive oil', '1 tablespoon fresh lemon juice', '1/2 teaspoon Dijon mustard (certified gluten-free if necessary)', '1/8 teaspoon kosher salt', '4 cups loosely packed baby arugula', '1/4 cup (1 ounce) shaved fresh Parmigiano- Reggiano cheese']"
FRUIT DIP,2.00 medium appl + 1.00 medium pea + 1.00 medium plum + 1.00 tablespoon juic + 0.50 tablespoon sugar + 100.00 unit juic + 8.00 unit strawberri + 1.00 unit vanilla,"['1 (8-ounce) container lowfat vanilla yogurt', '2 medium red apples, cored and sliced', '1 medium pear, cored and sliced', '2 tablespoons', '100% orange juice', '1 medium plum, sliced', '1 tablespoon lime juice', '8 large strawberries', '1/2 tablespoon brown sugar']"
WHITE BEAN TURKEY CHILI,3.00 can bean + 4.00 cup chicken + 0.33 cup cilantro + 2.00 cup onion + 0.50 cup tomato + 3.00 cup turkey + 2.00 tablespoon juic + 1.00 tablespoon oil + 1.00 teaspoon oregano + 0.50 teaspoon pepper + 0.50 teaspoon salt + 5.50 unit cumin + 5.50 unit powder + 8.00 unit wedg,"['1 tablespoon canola oil', '2 cups diced yellow onion (about 2 medium)', '1 1/2 tablespoons chili powder', '1 tablespoon minced garlic', '1 1/2 teaspoons ground cumin', '1 teaspoon dried oregano', '3 (15.8-ounce) cans Great Northern beans, rinsed and drained (certified gluten-free if necessary)', '4 cups fat-free, less-sodium chicken broth', '3 cups chopped cooked turkey', '1/2 cup diced seeded plum tomato (about 1)', '1/3 cup chopped fresh cilantro', '2 tablespoons fresh lime juice', '1/2 teaspoon salt', '1/2 teaspoon freshly ground black pepper', '8 lime wedges (optional)']"
BILOTEST SURGE (DURING AND POST-WORKOUT SHAKE),2.00 unit urg,"['Surge, 2 rounded scoops']"
BRAN PORRIDGE,0.50 cup oat + 0.50 cup sauc + 1.00 scoop vanilla + 2.00 tablespoon flax + 0.25 teaspoon cinnamon + 0.12 teaspoon salt,"['/2 cup oat bran /3 cup wheat bran', '2 tbsp flax meal', '/2 cup unsweetened applesauce', 'scoop vanilla whey protein or milk protein blend', '/4 tsp cinnamon', '', '/8 tsp salt Splenda, to taste', '3/4 cup water (skim milk can also be used for a creamier texture)']"
REESE’S OATMEAL,1.00 cup dairi beverag + 1.00 cup oat + 2.00 teaspoon butter + 1.00 unit splenda,"['1 cup rolled oats', '1 cup Carb Countdown Dairy Beverage, Chocolate 2%', '2 tsp natural peanut butter', 'Splenda, to taste']"
VENISON STEW,4.00 clove garlic + 0.50 cup barley + 1.00 cup beef + 0.50 cup parsley + 0.50 cup wheat + 3.00 cup wine + 3.00 pound venison stew + 4.00 tablespoon oil + 1.00 teaspoon salt + 214.00 unit artichok heart + 2.00 unit carrot + 2.00 unit leav + 1.00 unit onion + 1.00 unit pepper,"['3 Ibs venison stew meat (1” cubes)', '1/2 cup whole barley', '1/2 cup whole wheat berries', '4 tbsp olive oil', '1 large onion, chopped into 1” squares', '2 large chopped carrots', '2 14-ounce cans (or 8 small fresh or 2 boxes frozen) artichoke hearts', '4 cloves garlic, chopped fine', '1/2 cup fresh parsley, chopped', '2 bay leaves', '3 cups red wine', '1 cup beef stock', '1 tsp salt', 'Pepper, to taste']"
ROASTED CHICKEN WITH ROSEMARY WHEAT BERRIES,2.00 cup broccoli + 2.00 cup carrot + 1.00 cup wheat + 1.00 pound chicken + 2.00 tablespoon leav + 0.50 teaspoon powder + 1.00 unit salt,"['1 Ib roasted chicken breast', '1 cup wheat berries', '4 cups water', '2 cup broccoli flowerets', '2 cups (ca. 16) baby carrots', '2 tbsp fresh rosemary leaves', '1/2 tsp garlic powder', 'Salt & pepper, to taste']"
GREEK BURGER,3.00 clove garlic + 0.50 cup chees + 0.50 cup sliver + 1.00 pound beef + 1.00 unit salt,"['1 Ib extra lean (96%) ground beef', '1/2 cup feta cheese, crumbled', '1/2 cup olive slivers', '3 cloves garlic, chopped', 'Salt & pepper, to taste']"
APRICOT YOGURT SHAKE,1.00 cup splenda + 1.00 cup yogurt + 1.00 scoop vanilla + 10.00 unit halv,"['10 dried apricot halves', '1 cup nonfat plain yogurt', '1 scoop vanilla whey protein', '1 cup ice Splenda, to taste']"
QUICK QUINOA AND CHICKEN,1.00 dash salt + 2.00 tablespoon juic + 8.00 unit chicken + 0.50 unit quinoa + 1.00 unit spinach,"['8 oz roasted chicken breast', 'Steamed quinoa grain, from 1/2 cup dry', 'Large handful fresh spinach leafs', '2 tbsp lemon juice', 'Dash of salt']"
SPICY APPLE-FILLED SQUASH,1.00 tablespoon sugar + 2.00 teaspoon butter + 0.25 teaspoon cinnamon + 0.12 teaspoon nutmeg + 1.00 unit appl + 1.00 unit squash,"['1 large acorn squash (about 1 pound)', '1 cup water', '2 teaspoons butter', '1 large apple, cored, peeled, and chopped', '1 tablespoon brown sugar', '1/4 teaspoon ground cinnamon', '1/8 teaspoon ground cloves', '1/8 teaspoon nutmeg']"
HERBED VEGETABLE COMBO,0.25 cup celeri + 0.25 cup onion + 0.50 cup pepper + 2.75 cup squash + 1.00 cup zucchini + 1.00 medium tomato + 0.12 teaspoon powder + 0.50 teaspoon seed + 8.00 unit wedg,"['2 tablespoons water', '1 cup thinly sliced zucchini', '11/4 cups thinly sliced yellow squash', '1/2 cup green bell pepper, cut into 2-inch strips', '1/4 cup celery, cut into 2-inch strips', '1/4 cup chopped onion', '1/2 teaspoon caraway seeds', '1/8 teaspoon garlic powder', '1 medium tomato, cut into', '8 wedges']"
S’MORES BARS,0.33 cup chocol + 0.50 cup graham cracker + 2.00 cup oat + 0.25 cup powder + 0.50 cup splenda + 8.00 scoop powder + 0.25 teaspoon salt + 0.50 unit sauc,"['8 scoops chocolate whey protein powder', '2 cups rolled oats', '/2 cup graham cracker crumbs', '/4 cup cocoa powder, unsweetened', '/3 cup malt-sweetened chocolate chips', '/2 cup granulated Splenda (or a few packets)', '/4 tsp salt', '', '/2 to 3/4 cup unsweetened applesauce']"
SAUTEED HERB BEEF WITH TURNIPS,2.00 cup mushroom + 0.50 cup parsley + 2.00 medium turnip + 1.00 medium zucchini + 1.00 pound lean + 1.00 tablespoon oil + 96.00 unit beef + 2.00 unit chicken + 1.00 unit salt,"['1 Ib extra lean', '96% lean ground beef', '2 medium turnips, peeled and cubed', '2 cups sliced mushrooms', '1 medium zucchini, sliced', '1/2 cup fresh parsley leaves', '1 tbsp olive oil', '2 chicken bouillon cubes', 'Salt & pepper, to taste']"
COCONUT CHICKEN,3.00 clove garlic + 0.67 cup coconut + 1.50 pound chicken + 2.00 tablespoon juic + 2.00 tablespoon oil + 2.00 teaspoon oil + 1.00 unit roccoli stalk + 1.00 unit salt,"['1.5 Ib raw chicken breasts (about 2 large breasts)', '2/3 cup shredded coconut', 'Broccoli, 1 large stalk (about 3 cups chopped)', '3 cloves garlic, chopped', '2 tbsp butter, coconut oil, or Smart Balance butter spread', '2 tsp olive oil', '2 tbsp lemon juice', 'Salt and pepper, to taste']"
BBQ TURKEY IN PEPPER SHELLS,1.00 can salt + 1.00 cup bean + 0.50 cup sauc + 1.00 medium pepper + 0.75 pound turkey + 1.00 teaspoon liquid smoke + 1.00 teaspoon powder + 1.00 unit onion + 3.00 unit pepper,"['3/4 pound lean ground turkey', '1 large onion, peeled and chopped', '1 medium green bell pepper, seeded and chopped', '1 (14%-ounce) can no salt added diced tomatoes', '1 cup low-sodium canned black beans, drained and rinsed', '1/2 cup prepared barbecue sauce', '1 teaspoon garlic powder', '1 teaspoon liquid smoke', '3 bell peppers (any color)']"
SEARED SEA SCALLOPS IN A SPINACH CREAM SAUCE,1.00 pound sea scallop + 2.00 tablespoon juic + 4.00 tablespoon shallot + 8.00 tablespoon yogurt + 2.00 unit carrot + 1.00 unit cube + 1.00 unit mushroom + 1.00 unit pinch saffron + 2.00 unit pkg frozen + 1.00 unit salt,"['1 Ib raw sea scallops', '2 pkgs frozen spinach (20 oz. total)', '1 pkg (6 02) sliced mushrooms', '2 large carrots, sliced', '4 tbsp diced shallots (or substitute with 8 chopped green onions)', '8 tbsp plain yogurt (whole)', '2 tbsp lemon juice', '3 cloves diced garlic', '1-inch cube ginger root, diced', 'Pinch of saffron (or a small dash of turmeric)', 'Salt and pepper, to taste']"
PESTO,4.00 clove garlic + 0.33 cup chees + 2.00 cup leav + 0.50 cup oil + 0.25 cup pine nut,"['2 cups packed basil leaves, fresh', '1/2 cup olive oil', '1/3 cup grated Parmesan cheese', '1/4 cup pine nuts', '4 cloves garlic']"
MOCHA ESPRESSO BARS,0.50 cup bean + 1.00 cup dairi beverag + 1.00 cup oat + 1.00 cup wheat + 5.00 scoop chocol + 2.00 tablespoon honey + 0.50 teaspoon salt + 1.00 unit egg + 1.00 unit ingredi + 1.00 unit splenda,"['Ingredients', '1 cup oat flour (110 grams)', '1 cup whole wheat flour', '5 scoops chocolate whey protein', '1/2 cup whole espresso beans', '1/2 tsp salt', 'Splenda, to taste (about', '1 cup granulated)', '1 omega-3 egg plus one egg white, beaten', '2 tbsp honey', '1 cup chocolate 2% Carb Countdown dairy beverage']"
ZESTY ASIAN CHICKEN SALAD,5.50 cup broccoli + 2.00 cup cabbag + 0.25 cup cilantro + 0.25 cup juic + 2.00 medium carrot + 3.00 unit chicken + 3.00 unit onion + 1.00 unit pepper,"['3 boneless, skinless chicken breasts, cooked and chilled', '1 red bell pepper, cut into strips', '2 cups shredded cabbage', '3 green onions, sliced', '11/2 cups small broccoli florets', '1/4 cup 100% orange juice', '2 medium carrots, peeled and cut into strips', '1/4 cup chopped fresh cilantro']"
GRILLED CHICKEN VEGETABLE KABOBS,2.00 cup rice + 1.00 medium onion + 1.00 medium pepper + 1.00 pound chicken + 3.00 tablespoon juic + 2.00 teaspoon oil + 1.00 unit cube + 4.00 unit skewer + 8.00 unit tomato + 12.00 whole leav,"['2 teaspoons olive oil', '4 wooden skewers', '8 cherry tomatoes', '3 tablespoons fresh lemon juice', '12 whole bay leaves', '1 medium onion, cut into', '1-inch cubes', '1 pound boneless chicken breast without skin, cut into 2-inch cubes', '1 medium green bell pepper, cut into 1-inch cubes', '2 cups cooked brown rice']"
TERIYAKI LETTUCE WRAPS,3.00 clove garlic + 1.00 cup bean + 1.00 cup chestnut + 1.00 pound chicken + 1.00 tablespoon oil + 2.00 tablespoon sauc + 2.00 tablespoon wine + 1.00 unit ice + 9.00 unit leaf + 1.00 unit salt,"['1 Ib raw chicken breast, minced', 'Iceberg lettuce,', '9 large leafs', '1 cup water chestnuts (from can, drained), slivered', '1 cup bean sprouts', '3 cloves garlic, minced', '1 tbsp peanut oil', '2 tbsp white cooking wine', '2 tbsp teriyaki sauce (soy sauce can be substituted)', 'Salt, to taste']"
OATMEAL APPLE PIE,4.00 cup oat + 2.00 cup sauc + 4.00 scoop powder + 2.00 teaspoon cinnamon + 1.00 teaspoon salt + 1.00 teaspoon splenda + 2.00 unit appl + 1.00 unit milk,"['3 cups rolled oats', '1 cup oat bran', '2 large apples, cored and chopped', '2 cups unsweetened applesauce', '4 scoops vanilla protein powder or milk protein blend', '1 tsp salt', '2 tsp cinnamon', '4 cups water', '1 tsp vanilla extract Splenda, to taste', 'Skim milk (1 cup per serving)']"
GUACAMOLE,3.00 medium avocado + 1.00 medium tomato + 1.00 teaspoon juic + 0.25 teaspoon salt,"['3 medium avocados, skin and cores removed', '1 medium tomato, chopped', '1 tsp lemon juice', '1/4 tsp salt']"
PECAN-CRUSTED SALMON,2.00 teaspoon oil + 10.00 unit fillet + 20.00 unit leaf + 1.00 unit salt + 2.00 unit spinach,"['10 oz salmon fillet (8 oz cooked)', '2 tbsp pecan meal', '2 big handfuls raw spinach (about', '20 mature leafs)', '1 tsp olive oil', '1 tsp butter, coconut oil, or Smart Balance spread', 'Salt & pepper, to taste']"
VEGETABLE CHICKEN ENCHILADAS,2.00 can salt + 2.33 cup chees + 1.00 cup ed + 0.75 cup sauc + 8.00 unit corn + 1.00 unit onion + 1.00 unit pepper + 1.00 unit spray + 1.00 unit zucchini,"['nonstick cooking spray', '1 large onion, peeled and chopped', '1 green bell pepper, seeded and chopped', '1 large zucchini, chopped', '1 cup cooked, chopped chicken breast', '3/4 cup red enchilada sauce', '2 (8-ounce) cans no salt added tomato sauce', '8 (6-inch) corn tortillas', '7/3 cup shredded reduced fat monterey jack cheese']"
ASPARAGUS QUICHE,0.50 cup almond + 0.50 cup chees + 0.75 cup flax + 1.00 dash salt + 6.00 tablespoon cream + 0.12 teaspoon salt + 1.00 unit asparagu + 1.00 unit crust + 12.00 unit cube + 4.00 unit egg + 0.50 unit inch + 1.00 unit pie + 20.00 unit spear + 2.00 whole egg,"['Crust:', '3/4 cup flax meal', '1/2 cup almond meal', '1 egg white', 'Dash of salt', 'Pie:', '12 oz. turkey ham, cut into 1/2-inch cubes', '1 bunch asparagus (ca.', '20 spears), chopped into', '1/2 inch pieces.', '2 whole omega-3 eggs +', '3 egg whites', '6 tablespoons lowfat sour cream', '1/2 cup shredded cheddar cheese', '1/8 tsp ground nutmeg Salt and pepper to taste.']"
MASHED GARLIC CAULIFLOWER (MOCK MASHED POTATOES; ANYTIME,2.00 clove garlic + 1.00 tablespoon oil + 1.00 teaspoon salt + 1.00 unit head,"['1 large head cauliflower', '1 tbsp butter, coconut oil, or Smart Balance butter spread', '2 cloves garlic, chopped', '1 tsp salt']"
PEANUT BUTTER FUDGE BARS,0.67 cup flax + 4.00 scoop powder + 4.00 tablespoon butter + 1.00 unit splenda,"['4 scoops chocolate protein powder', '2/3 cup flax meal', '4 tablespoons chunky natural peanut butter', '1/4 cup water', 'Splenda, to taste']"
APPLE OATMEAL,184.00 cup juic + 1.00 cup oat + 0.50 teaspoon cinnamon + 0.12 teaspoon salt + 1.00 unit appl + 1.00 unit minut,"['184 cups 100% apple juice', '1 cup quick cooking oats', '1 minute before serving.', '1 large apple, cored and cut into bite-size chunks', '1/2 teaspoon ground cinnamon', '1/8 teaspoon salt (optional)']"
BEEF STROGANOFF,4.00 clove garlic + 0.50 cup beef + 0.50 cup chees + 3.00 cup mushroom + 1.00 cup yogurt + 1.00 pound beef + 1.00 unit carrot + 1.00 unit cube + 1.00 unit onion + 1.00 unit salt,"['1 Ib beef sirloin, cut into', '1-inch cubes', '1 large onion, chopped', '3 cups sliced mushrooms', '1 carrot, sliced', '4 cloves garlic, chopped', '1/2 cup beef broth, from bouillon', '1 cup whole plain yogurt', '1/2 cup shredded part skim mozzarella cheese', 'Salt & pepper, to taste']"
OVEN WEDGE FRIES,2.00 clove garlic + 1.00 teaspoon mix + 1.00 teaspoon powder + 1.00 unit spray + 2.00 unit wedg,"['nonstick cooking spray', '2 cloves garlic, finely chopped', '2 large russet potatoes, cut into wedges', '1 teaspoon italian herb seasoning mix', '1 teaspoon chili powder and/or paprika']"
LAMB KEBABS,0.25 cup leav + 0.50 small onion + 0.25 teaspoon cinnamon + 0.25 teaspoon salt + 8.00 unit oil + 0.25 unit parsley + 1.00 unit pepper,"['Ib ground lamb /4 cup fresh parsley', '/4 cup fresh mint leaves', '/2 small onion large egg, beaten', 'large bell pepper, seeded and cut into -inch squares', '8 cherry tomatoes /2 tbsp olive oil', '/4 tsp ground cinnamon', '/4 tsp ground black pepper /2 tsp salt']"
CURRIED SPLIT PEAS AND ROASTED CHICKEN,0.50 cup pea + 1.00 dash powder + 1.00 dash salt + 1.00 medium carrot + 0.50 medium onion + 1.00 medium tomato + 2.00 unit chicken + 6.00 unit oz,"['1/2 cup dry split peas', 'Roasted chicken breast,', '6 oz.', '1/2 medium yellow onion, chopped', '1 medium carrot, sliced', '1 medium tomato, chopped', '1 dash salt', '1 bouillon cube, chicken', '1 dash curry powder']"
VEGETABLE QUESADILLAS,0.50 cup chees + 0.50 cup corn + 0.50 cup onion + 0.50 cup pepper + 0.50 cup tomato + 2.00 tablespoon cilantro + 4.00 unit flour + 1.00 unit spray,"['nonstick cooking spray', '1/2 cup chopped green bell pepper', '2 tablespoons chopped fresh cilantro', '4 (6-inch) flour tortillas', '1/2 cup shredded reduced fat cheddar or monterey jack cheese', '1/2 cup frozen corn, thawed', '1/2 cup sliced green onion', '1/2 cup chopped tomato']"
NO-BAKE STRAWBERRY CHEESECAKE,2.33 cup chees + 2.00 cup etrawherriec + 0.25 cup flax + 1.00 cup graham cracker + 0.25 cup oat + 3.00 scoop powder + 4.00 unit chees + 1.00 unit crust + 0.50 unit packag,"['Crust:', '1 cup graham cracker crumbs', '1/4 cup ground flax seeds', '1/4 cup raw oat bran', '1 oz fat-free cream cheese, warmed in microwave', '1/3 cup water Cheesecake:', '2 cups lowfat cottage cheese', '1/2 package (52 g) powdered Jell-O instant pudding, cheesecake flavor', '3 oz. fat-free cream cheese', '3 scoops vanilla or strawberry whey protein powder', '2 cups sliced etrawherriec']"
FALAFEL PLATTER,1.00 medium cucumb + 2.00 tablespoon juic + 8.00 unit chicken + 0.50 unit hummu + 1.50 unit mix + 1.00 unit salt + 1.00 unit tomato,"['1.5 servings of falafel mix (about 0.65 cups dry)', '8 oz grilled chicken breast', '1/2 serving hummus (see recipe in “Side Dishes” section)', '1 medium cucumber, chopped', '1 tomato, chopped', '2 tbsp lemon juice', 'Salt & pepper, to taste']"
MEDITERRANEAN SALAD,1.00 dash salt + 1.00 tablespoon oil + 1.00 unit cucumb + 1.00 unit tomato,"['1 large cucumber', '1 large red tomato', '1 tbsp olive oil', 'Dash of salt']"
MIXED NUT BAR,0.75 cup almond + 0.25 cup walnut + 6.00 scoop vanilla + 0.25 teaspoon salt + 1.00 unit splenda + 2.00 whole egg,"['3/4 cup pecan meal', '3/4 cup almond meal', '1/4 cup walnut pieces', '2 whole omega-3 eggs plus 2 whites, beaten', '6 scoops vanilla whey', '1/4 tsp salt', 'Splenda, to taste (optional)']"
APPLE GLAZED SWEET POTATOES,10.50 cup juic + 2.00 pound potato + 0.25 teaspoon cinnamon + 0.25 teaspoon salt,"['21/2 cups unsw cups unsweetened 100% in juice', '1/4 teaspoon ground cinnamon', '1/4 teaspoon salt', '2 pounds sweet potatoes (about 4 small potatoes), peeled and thinly sliced']"
CINNAMON RAISIN BARS,2.00 cup oat + 1.00 cup raisin + 8.00 scoop vanilla + 1.00 tablespoon oil + 2.00 teaspoon cinnamon + 1.00 teaspoon salt + 1.00 teaspoon vanilla + 1015.00 unit packet + 5.50 unit sauc + 1.00 unit splenda,"['2 cups rolled oats', '8 scoops vanilla whey', '1 cup raisins', '1-1/2 cups unsweetened applesauce', '1 tbsp olive oil or flax oil', '2 tsp cinnamon', '1 tsp salt', '1 tsp vanilla extract', 'Splenda, to taste (about', '1/2 cup granulated or', '10-15 packets)']"
CHOCOLATE PEANUT BUTTER BAR,0.50 cup flax + 6.00 scoop chocol + 1.00 tablespoon powder + 0.25 teaspoon salt + 1.00 unit egg + 1.00 unit splenda,"['/2 cup pecan meal /2 cup almond meal /2 cup peanut butter /3 cup flax meal', 'tbsp cocoa powder, unsweetened', 'Splenda, to taste (about /4 cup of the granulated type, or about 6 packets)', '', 'whole egg plus 1 egg white, beaten', '6 scoops chocolate whey', '1/4 tsp salt']"
SHAKSHUKA,1.00 clove garlic + 0.75 cup egg + 0.33 cup oat + 1.00 medium onion + 2.00 tablespoon tomato + 1.00 unit egg + 1.00 unit salt + 2.00 unit tomato,"['1/3 cup steel-cut oats', '2 large tomatoes, chopped', '2 tbsp tomato paste', '1 medium onion, chopped', '1 clove garlic, chopped', '1 omega-3 egg', '3/4 cup raw regular egg whites', 'Salt and pepper, to taste']"
TURKEY SAUSAGE CASSEROLE,2.00 clove garlic + 2.75 cup chees + 5.50 cup mushroom + 1.00 medium onion + 3.00 medium zucchini + 1.00 pound turkey + 1.00 tablespoon oil + 2.00 unit egg,"['1 Ib lean turkey sausage, sliced', '1 medium onion, chopped', '2 cloves garlic, minced', '3 medium zucchinis, sliced (1/4 inch thick)', '11/2 cups sliced mushrooms', '1 tbsp olive oil', '2 cups cottage cheese', '2 omega-3 eggs', '3/4 cup shredded mozzarella cheese, part skim']"
BANANA OATMEAL CHOCOLATE CHIP COOKIES,0.50 cup banana + 0.25 cup butter + 0.50 cup chocol + 2.00 cup oat + 0.75 cup sugar + 5.60 ounc flour + 0.50 teaspoon salt + 1.00 teaspoon soda + 1.00 teaspoon vanilla + 1.00 unit egg + 1.00 unit spray,"['1/2 cup mashed ripe banana (about 1 medium)', '1/2 cup packed brown sugar', '1/4 cup butter, softened', '1/4 cup granulated sugar', '1 teaspoon vanilla extract', '1 large egg', '5.6 ounces all-purpose flour (about 1 1/4 cups)', '2 cups old-fashioned oats', '1 teaspoon baking soda', '1/2 teaspoon salt', '1/2 cup semisweet chocolate chips', 'Cooking spray']"
RICE PUDDING,2.00 cup milk + 1.00 cup rice + 2.00 scoop powder + 2.00 tablespoon vanilla + 1.00 unit salt,"['1 cup dry basmati rice, rinsed and drained', '2 cups skim milk', '2 scoops vanilla protein powder (try to find a brand that doesn’t taste like powdered chicken feet, and depending on the brand, you might add some Splenda to get the desired sweetness).', '2 tablespoons sugar-free instant Jell-O vanilla pudding', 'Salt, dash']"
GRANOLA BARS,2.00 cup oat + 0.50 cup raisin + 0.50 cup sugar + 0.50 cup walnut + 4.00 scoop vanilla + 4.00 tablespoon flax + 2.00 tablespoon honey + 0.25 teaspoon salt + 0.25 teaspoon vanilla,"['2 cups rolled oats', '1/2 cup crushed walnuts', '1/2 cup unpacked raisins (2 oz.)', '4 tbsp whole flax seeds', '4 scoops vanilla whey', '2 tbsp honey', '1/4 tsp salt', '1/4 tsp vanilla extract', '1/2 cup sugar free maple syrup']"
SPLIT PEA SOUP,0.25 cup parsley + 1.00 pound pea + 1.00 pound turkey + 2.00 tablespoon oil + 3.00 unit carrot + 3.00 unit celeri + 2.00 unit chicken + 1.00 unit leaf + 4.00 unit leek + 1.00 unit onion + 1.00 unit salt,"['1 lb dried green split peas, rinsed', '1 Ib diced turkey ham', '3 carrots, sliced', '3 stalks celery, chopped', '1 large onion, chopped', '4 leeks, sliced', '1 bay leaf', '1/4 cup fresh chopped parsley', '2 tbsp olive oil', 'Salt & pepper, to taste', '2 chicken bouillon cubes', '4 cups water']"
THAI GROUND BEEF,1.00 medium pepper + 1.00 pound beef + 1.00 small onion + 2.00 tablespoon sauc + 0.33 unit cabbag + 1.00 unit carrot + 1.00 unit cube + 1.00 unit salt,"['1 Ib extra lean (96%) ground beef', '1/3 head cabbage, shredded (about 3 cups)', '1 carrot, sliced', '1 medium green pepper, cut into 1-inch cubes', '1 small onion, cut into', '1-inch cubes', '2 tbsp peanut sauce', 'Salt, pepper, and chili powder, to taste']"
DR. JOHN’S CHILI,4.00 can bean + 6.00 clove garlic + 4.00 pound beef + 1.00 pound carrot + 2.00 teaspoon pepper + 1.00 unit cashew + 46.00 unit juic + 3.00 unit mix + 2.00 unit onion + 1.00 unit orang + 4.00 unit pepper + 4.00 unit powder + 2.00 unit tomato + 1.00 unit wa,"['4 lbs extra lean ground beef (96%)', '4 cans kidney beans (15.5 oz per can), drained and rinsed', '2 large onions, chopped', '2 large tomatoes, chopped', '1 lb carrots, peeled and sliced', '4 bell peppers - 1 green,', '1 red, 1 yellow, 1 orange, cut into 1/2-inch squares', '6 cloves garlic, chopped', 'Two 46-fl oz bottles V8 vegetable juice, spicy hot', 'Cashew meal', 'Spices: 4 tbsp chili powder, 1 tsp cumin,', '2 tsp paprika, 1 tsp celery seed, 1 tsp fresh ground pepper (for a quicker version, you can use', '3 packages chili seasonings mix, but it', ""wan't aiite he the came!)""]"
SALMON BURGER STROGANOFF,3.00 clove garlic + 0.25 cup flax + 2.00 cup mushroom + 0.25 cup oat + 0.50 small onion + 1.00 tablespoon juic + 5.00 tablespoon yogurt + 0.12 teaspoon turmer + 1.00 unit burger + 1.00 unit chicken + 1.00 unit egg + 1.00 unit salmon + 1.00 unit salt,"['Salmon Burgers:', '1 large can (14.75 02.) salmon', '1/4 cup flax meal', '1/4 cup oat bran', '1 omega-3 egg, beaten', '1/2 small onion, diced', '1 tbsp lemon juice', '1/8 tsp turmeric', 'Salt & pepper, to taste Stroganoff Sauce:', '2 cups sliced mushrooms', '3 cloves garlic', '5 tbsp plain whole yogurt', '1 chicken bouillon cube', '1/4 cup water']"
KUNG PAO CHICKEN,4.00 clove garlic + 0.50 cup chicken + 0.50 cup skinless peanut + 1.00 medium onion + 1.00 medium pepper + 1.00 pound chicken + 2.00 tablespoon ingredi + 2.00 tablespoon oil + 3.00 tablespoon sauc + 1.00 unit chile + 1.00 unit cube + 1.00 unit marinad + 8.00 unit oz + 1.00 unit squar,"['Marinade:', '1 lb raw chicken breast, chopped into 1/2-inch cubes', '4 cloves garlic, chopped', '1-inch cube fresh ginger, chopped', '2 tbsp white cooking wine Other Ingredients:', '1/2 cup skinless roasted peanuts (unsalted)', '1 medium onion, cut into', '1-inch squares', '1 medium green pepper, cut into 1-inch squares', 'A handful of dried red chiles (substitute a dash of chili powder if necessary)', '8 oz can sliced water chestnuts, drained', '1/2 cup chicken broth (from bouillon)', '1 tbsp soy sauce', '2 tbsp peanut sauce (e.g., San J Thai Peanut Stir Fry Sauce)', '2 tbsp peanut oil']"
TUNA BURGERS,3.00 can tuna + 2.00 clove garlic + 0.25 cup flax + 1.00 tablespoon cilantro + 2.00 tablespoon seed + 2.00 teaspoon oil + 1.00 teaspoon salt + 2.00 unit egg + 4.00 unit scallion,"['3 cans chunk light tuna in water, drained (14 oz drained)', '1/4 cup flax meal', '4 scallions (green onions), minced', '2 tbsp black mustard seeds', '2 omega-3 eggs, beaten', '1 tablespoon finely minced fresh cilantro', '2 cloves garlic, chopped', '1 tsp soy sauce Salt & pepper, to taste', '2 tsp olive oil']"
GINGER APRICOT SCONES,0.75 cup apricot + 1.00 cup flour + 2.00 cup oat + 0.25 cup powder + 0.50 cup sauc + 0.25 cup splenda + 6.00 scoop powder + 0.50 tablespoon oil + 1.25 teaspoon powder + 0.25 teaspoon salt + 2.00 unit cube,"['1 cup whole-wheat flour, plus 1/2 cup of flour, set aside', '1 cup rolled oats', '1 cup oat flour', '6 scoops strawberry whey protein powder', '3/4 cup dried apricots, chopped', '1/2 cup applesauce', '2-inch cube of fresh ginger root, peeled and chopped', '1/4 cup granulated Splenda', '1.25 tsp baking powder', '1/4 tsp salt', '1/4 cup nonfat dry milk powder', '1/2 cup water', '1/2 tbsp canola or olive oil']"
TEX-MEX CHICKEN AND RICE,2.00 tablespoon sauc + 1.00 unit carrot + 1.00 unit celeri + 1.00 unit chicken + 6.00 unit oz + 0.50 unit pepper + 1.50 unit rice,"['Chicken breast, grilled,', '6 oz., cubed', 'Brown rice, 1.5 cups cooked', 'Frozen peas and carrots,', '1/2 cup', '1 stalk celery, chopped', 'Red bell pepper, 1/2 medium, chopped', '2 tbsp barbecue sauce']"
APPLE MUSHROOM TURKEY BURGERS,1.00 pound turkey + 0.50 small onion + 0.50 tablespoon oil + 1.00 teaspoon juic + 0.50 teaspoon salt + 0.50 unit appl + 3.00 unit egg + 5.00 unit mushroom + 1.00 unit pepper,"['1 lb ground turkey breast', '5 mushrooms, finely chopped', '/2 small onion, finely chopped', '/2 apple, finely chopped', '/2 tbsp butter, coconut oil, or Smart Balance spread', 'tsp lemon juice', 'omega-3 egg', '', '/2 tsp salt', 'Garlic powder and pepper, to taste']"
CORN AND GREEN CHILI SALAD,1.00 can tomato + 2.00 cup corn + 0.33 cup onion + 2.00 tablespoon cilantro + 1.00 tablespoon juic + 0.50 tablespoon oil,"['2 cups frozen corn, thawed', '1 (10-ounce) can diced tomatoes with green chilies, drained', '1 tablespoon lime juice', '1/3 cup sliced green onions', '2 tablespoons chopped fresh cilantro', '1/2 tablespoon vegetable oil']"
CHICKEN FRIED RICE,4.00 clove garlic + 1.00 cup carrot + 3.00 cup rice + 1.00 pound chicken + 1.00 tablespoon oil + 1.00 tablespoon sauc + 0.25 teaspoon salt + 4.00 unit egg + 5.00 unit onion,"['1 Ib raw chicken breast, thinly sliced', '3 cups cooked brown rice', '1 cup frozen peas and carrots, thawed', '5 scallions/ green onions, chopped', '1 omega-3 egg plus', '3 egg whites (1/2 cup), beaten', '4 cloves garlic, chopped', '1 tbsp peanut oil', '1 tbsp soy sauce', '1/4 tsp salt']"
STEAK BAGUETTES WITH PESTO MAYO,1.00 cup babi arugula + 1.00 piec baguett split + 2.00 tablespoon canola mayonnais + 2.00 tablespoon sauc + 0.12 teaspoon pepper + 0.25 teaspoon salt + 1.00 unit beef + 3.00 unit onion + 2.00 unit tomato,"['1 (12-ounce) boneless beef sirloin steak (about 1 inch thick), trimmed', '1/4 teaspoon kosher salt', '1/8 teaspoon freshly ground black pepper', '2 tablespoons canola mayonnaise', '2 tablespoons refrigerated pesto sauce', '1 (12-ounce) piece white or whole-grain baguette, split in half horizontally', '1 cup packed baby arugula (about 1 ounce)', '3 (1/8-inch-thick) red onion slices', '2 plum tomatoes, thinly sliced lengthwise']"
TOASTED QUINOA SALAD,1.00 cup cilantro + 0.25 cup leav + 1.00 cup quinoa + 0.25 cup walnut + 1.00 small pepper + 1.00 tablespoon ginger + 4.00 tablespoon juic + 2.00 teaspoon oil + 0.25 teaspoon salt + 1.00 unit onion,"['cup dry quinoa', '2 cups water', 'cup fresh cilantro, chopped', '/4 cup fresh mint leaves, chopped', 'thick slice (3/4-inch) red onion, chopped', 'small jalapeno pepper, seeded and chopped', '', 'tbsp fresh ginger root, chopped', '4 tbsp limejuice', '2 tsp olive oil', '1/4 tsp salt', '1/4 cup walnut pieces']"
CHOCOLATE CHIP COOKIE DOUGH BARS,0.25 cup chocol + 1.00 cup maltodextrin + 0.50 cup rice + 6.00 scoop vanilla + 0.50 teaspoon salt + 1.00 teaspoon vanilla + 0.50 unit enda /2 + 2.00 unit packet,"['6 scoops vanilla whey protein (120 g protein)', 'cup dextrose cup maltodextrin', '/4 cup malt-sweetened chocolate chips', '/2 cup puffed rice cereal', 'Splenda, to taste (about /2 cup granulated, or', '2 packets)', 'tsp vanilla extract', '/2 tsp butter salt', '', '/2 cup water']"
MELANZANA RICCHA (EGGPLANT IN A MEAT SAUCE; ANYTIME),2.00 clove garlic + 0.50 cup basil + 0.50 cup oliv + 1.00 pound beef + 0.50 small tomato + 1.00 unit cube + 0.50 unit egg + 1.00 unit onion + 1.00 unit salt + 2.00 unit tomato,"['1 Ib extra lean (96%) ground beef', '1/2 large eggplant, cut into 1-inch cubes', '1 large onion, cut into', '1-inch cubes', '1/2 cup fresh chopped basil (about 15 leaves), or 1 tbsp dried basil', '1/2 cup slivered or chopped olives', '2 large tomatoes, chopped', '1/2 small can tomato paste (85 grams)', '2 cloves garlic, chopped', 'Salt & pepper, to taste']"
PUMPKIN CRANBERRY MUFFINS,0.50 cup butter + 0.67 cup cranberri + 1.00 cup pumpkin + 1.25 cup sugar + 2.00 tablespoon oil + 0.50 teaspoon cinnamon + 0.75 teaspoon ginger + 0.50 teaspoon powder + 0.25 teaspoon salt + 1.00 teaspoon soda + 1.00 unit egg + 5.50 unit flour + 1.00 unit spray,"['1 1/2 cups all-purpose flour (about 6 3/4 ounces)', '1 teaspoon baking soda', '3/4 teaspoon ground ginger', '1/2 teaspoon baking powder', '1/2 teaspoon ground cinnamon', '1/4 teaspoon salt', '1/8 teaspoon ground cloves', '1 cup granulated sugar', '1 cup canned pumpkin', '1/2 cup low-fat buttermilk', '1/4 cup packed light brown sugar', '2 tablespoons canola oil', '1 large egg', '2/3 cup sweetened dried cranberries, chopped (such as Craisins)', 'Cooking spray']"
HAWAIIAN PIZZA,2.25 cup chees + 1.00 cup tomato + 1.50 cup wheat + 1.00 medium pepper + 1.00 small appl + 0.25 teaspoon powder + 0.25 teaspoon salt + 1.00 unit crust + 1.00 unit lege + 1.00 unit pie + 8.00 unit turkey,"['Crust:', '1/2 cup whole wheat flour', '1 cup wheat bran', '1/4 tsp baking powder', '1/4 tsp salt', '1/2 cup water', 'Pie:', '1 cup tomato sauce, spiced with garlic, oregano and basil', '1.5 cups cottage cheese', 'lege', '8 oz. turkey ham, chopped', '1 small can (6 oz.) pineapple chunks, drained', '1 medium bell pepper, chopped', '3/4 cup reduced fat mozzarella cheese']"
ZUCCHINI BREAD,0.50 cup flax + 0.50 cup wheat + 4.00 scoop powder + 1.00 tablespoon oil + 1.50 teaspoon cinnamon + 0.50 teaspoon powder + 0.50 teaspoon soda + 1.00 unit appl + 2.00 unit ingredi + 1.00 unit splenda + 5.00 unit white + 1.00 unit zucchini,"['Wet Ingredients:', '5 large whites (1 cup)', '1 shredded zucchini (medium)', '1 tbsp flax oil', 'Dry Ingredients:', '1 large apple, shredded', '1/2 cup flax meal', '1/2 cup whole wheat flour', '4 scoops vanilla whey protein powder', 'Splenda, to taste (0.5 cup granulated/ or about 10 packets for me)', '1.5 tsp cinnamon', '1/2 tsp baking powder', '1/2 tsp baking soda']"
LEMONY ORZO VEGGIE SALAD WITH CHICKEN,0.50 cup bell + 0.50 cup chees + 1.00 cup chicken + 0.50 cup cucumb + 0.33 cup onion + 0.75 cup orzo + 1.00 tablespoon dill + 3.00 tablespoon juic + 1.00 tablespoon oil + 0.25 teaspoon honey + 0.12 teaspoon pepper + 0.25 teaspoon rind + 0.50 teaspoon salt,"['3/4 cup uncooked orzo', '1/4 teaspoon grated lemon rind', '3 tablespoons fresh lemon juice', '1 tablespoon extra-virgin olive oil', '1/2 teaspoon kosher salt', '1/2 teaspoon minced garlic', '1/4 teaspoon honey', '1/8 teaspoon freshly ground black pepper', '1 cup shredded skinless, boneless rotisserie chicken breast', '1/2 cup diced English cucumber', '1/2 cup prechopped red bell pepper', '1/3 cup thinly sliced green onions', '1 tablespoon chopped fresh dill', '1/2 cup (2 ounces) crumbled goat cheese']"
VEGGIE TORTILLA ROLL-UPS,0.25 cup chile + 0.50 cup chop + 0.25 cup oliv + 0.50 cup pepper + 2.00 cup spinach + 1.00 cup tomato + 8.00 tablespoon chees + 4.00 whole wheat,"['4 (7-inch) whole wheat tortillas', '1/2 cup chopped bell pepper (red, green, orange, yellow, or a mixture)', '8 tablespoons (2 cup) nonfat cream cheese', '1/2 cup chopped cucumber', '1/4 cup diced canned green chiles', '2 cups shredded romaine lettuce or fresh chopped spinach', '1/4 cup sliced ripe olives, drained', '1 cup chopped tomato']"
APPLE-CINNAMON SHAKE,1.00 cup ice + 1.00 cup sauc + 1.00 scoop vanilla + 1.00 tablespoon honey + 2.00 tablespoon wheat + 1.00 teaspoon cinnamon,"['1 scoop vanilla whey protein', '1 cup applesauce, unsweetened', '1 tsp ground cinnamon', '2 tbsp toasted wheat germ', '1 tbsp honey', '1 cup ice']"
SAUTEED BEEF IN AN INDIAN SPINACH SAUCE,6.00 clove garlic + 1.00 cup pea + 1.00 cup yogurt + 1.00 pound sirloin + 1.00 tablespoon oil + 2.00 teaspoon powder + 22.00 unit cube + 1.00 unit onion + 1.00 unit salt + 10.00 unit spinach,"['1 Ib sirloin, cut into', '1-inch cubes', '10 oz spinach, fresh or frozen', '1 large onion, quartered', '2 1-inch cubes of fresh ginger, peeled', '6 cloves garlic', '1 cup frozen green peas', '1 cup whole plain yogurt', '1 tbsp olive oil', '1/4 cup water', '1 tsp curry powder', '1 tsp garam masala spice powder', 'Salt & pepper, to taste']"
LONDON BROIL STEW,2.00 clove garlic + 0.33 cup barley + 2.00 pound cube + 4.00 tablespoon flax + 2.00 tablespoon oil + 4.00 unit carrot + 4.00 unit celeri + 1.00 unit cube + 1.00 unit leaf + 1.00 unit onion + 1.00 unit salt + 1.00 unit squar + 1.00 unit tomato,"['2 Ibs London broil, cut into 1” cubes (fat removed)', '1/3 cup whole uncooked barley', '1 large onion, cut into', '1” squares', '1 large tomato, chopped', '4 large stalks celery, chopped', '4 large carrots, chopped (or a large handful of whole baby carrots)', '4 tbsp whole flax seeds (or 8 tbsp ground)', '2 cloves garlic, minced', '1 bay leaf', '1 beef bouillon cube', '2 tbsp olive oil', 'Salt & pepper, to taste', '3 cups water']"
ALMOND COCONUT SHAKE,1.00 cup chocol + 1.00 cup ice + 1.00 scoop chocol + 1.00 tablespoon splenda + 0.50 teaspoon almond + 6.00 unit almond + 2.00 unit dairi beverag,"['1 scoop chocolate whey protein', '1 cup chocolate', '2 % Carb Countdown dairy beverage', '6 almonds', '1 tbsp grated coconut Splenda, to taste', '1/2 tsp almond extract', '1 cup ice']"
ROSEMARY LEMON CHICKEN WITH VEGETABLES,1.00 cup bean + 5.50 cup carrot + 0.25 cup juic + 0.50 pound potato + 2.00 tablespoon honey + 1.00 tablespoon oil + 1.00 tablespoon rosemari + 1.00 teaspoon peel + 0.25 teaspoon pepper + 2.00 unit chicken,"['1/2 pound small red potatoes (about 3 potatoes), rinsed and cubed', '1/4 cup lemon juice, divided', '2 tablespoons honey*', '1 tablespoon chopped fresh rosemary or', '1 teaspoon dried rosemary', '11/2 cups baby carrots', '1 cup green beans, trimmed', '1 teaspoon grated lemon peel', '1/4 teaspoon ground black pepper', '2 boneless, skinless chicken breasts, halved (about 1 pound)', '1 tablespoon olive oil']"
CHICKEN AND DUMPLINGS,5.25 cup chicken + 2.00 cup ed + 0.33 cup milk + 2.75 cup mix + 1.00 medium onion + 1.00 teaspoon thyme + 1.00 unit egg + 4.00 unit y2 veget,"['21/4 cups canned low-sodium chicken broth', '1/4 cup water', '1 medium onion, peeled and chopped', '4y2 cups frozen mixed vegetables (corn, peas, carrots, and green beans)', '2 cups cooked and chopped chicken', '1 teaspoon dried thyme', '11/4 cups reduced fat prepared baking mix', '1/3 cup lowfat milk', '1 egg']"
MIXED BERRY SHAKE,0.50 cup blackberri + 0.50 cup blueberri + 1.00 cup ice + 1.00 cup strawberri + 0.50 cup yogurt + 1.00 scoop vanilla + 1.00 tablespoon honey,"['cup frozen strawberries', '/2 cup frozen blackberries', '/2 cup frozen blueberries', '/2 cup nonfat plain yogurt', 'scoop vanilla whey protein', 'tbsp honey', '', 'cup ice']"
FRESH SALSA,2.00 clove garlic + 0.33 cup cilantro + 5.50 cup onion + 1.00 pound tomato + 2.00 tablespoon juic + 0.25 teaspoon salt + 3.00 unit pepper,"['1 pound ripe tomatoes (about 2 medium tomatoes), chopped', '11/2 cups chopped onion', '1/3 cup chopped fresh cilantro', '3 jalapeno peppers, seeds removed and chopped', '2 tablespoons lime juice', '2 cloves garlic, finely chopped', '1/4 teaspoon salt']"
CHICKEN ENCHILADA CASSEROLE,0.58 cup chees + 1.00 cup chicken + 0.33 cup cilantro + 1.00 cup corn + 2.00 cup onion + 0.67 cup salsa + 2.00 tablespoon jalapeño + 0.50 teaspoon cumin + 0.75 teaspoon pepper + 0.25 teaspoon salt + 4.00 unit chicken + 9.00 unit corn + 6.00 unit garlic + 1.00 unit spray,"['Cooking spray', '4 bone-in chicken thighs, skinned', '1/3 cup chopped fresh cilantro, divided', '1 cup frozen corn kernels, thawed', '1/3 cup (3 ounces) 1/3-less-fat cream cheese, softened', '1/2 teaspoon ground red pepper', '1/2 teaspoon ground cumin', '1/4 teaspoon kosher salt', '1/4 teaspoon black pepper', '2 cups chopped onion, divided', '6 garlic cloves, minced and divided', '1 cup fat-free, lower-sodium chicken broth', '2/3 cup salsa verde', '1/4 cup water', '2 tablespoons chopped pickled jalapeño pepper', '9 (6-inch) corn tortillas', '1/4 cup (1 ounce) shredded sharp cheddar cheese']"
CHOCOLATE GRANOLA APPLE WEDGES,0.33 cup raisin + 2.00 ounc chocol + 1.00 unit appl,"['2 ounces semisweet chocolate, finely chopped (certified gluten-free if necessary)', '1/3 cup low-fat granola without raisins', '1 large Braeburn apple, cut into 16 wedges']"
SHRIMP & BROCCOLI STIR FRY,2.00 cup broccoli + 0.25 cup onion + 0.25 cup sauc + 1.00 pound shrimp + 1.00 tablespoon corn + 2.00 tablespoon rice + 2.00 teaspoon ginger + 1.00 teaspoon honey + 0.12 teaspoon pepper + 3.00 unit garlic + 10.50 unit oil,"['1 pound medium shrimp, peeled and deveined', '1 tablespoon cornstarch (certified gluten-free if necessary)', '2 1/2 tablespoons canola oil, divided', '1/4 cup (1-inch) diagonally cut green onions', '2 teaspoons minced peeled fresh ginger', '3 garlic cloves, thinly sliced', '2 cups broccoli florets', '1/4 cup lower-sodium soy sauce (certified gluten-free if necessary)', '2 tablespoons rice vinegar', '1 teaspoon honey', '1/8 teaspoon crushed red pepper']"
EGGS & HASHBROWN CASSEROLE,0.25 cup chicken + 0.50 cup milk + 2.00 cup potato + 5.00 cup spinach + 3.00 ounc chees + 8.00 ounc mushroom + 2.00 tablespoon basil + 0.50 teaspoon pepper + 0.50 teaspoon salt + 8.00 unit bacon + 6.00 unit egg + 3.00 unit garlic + 5.50 unit onion + 1.00 unit spray,"['8 center-cut bacon slices', '1 1/2 cups chopped onion', '8 ounces sliced shiitake mushroom caps', '3 garlic cloves, minced', '2 cups shredded hash brown potatoes (such as Simply Potatoes; certified gluten-free if necessary)', '1/4 cup no-salt-added chicken stock (such as Swanson; certified gluten-free if necessary)', '5 cups fresh baby spinach', '2 tablespoons thinly sliced fresh basil', '1/2 teaspoon kosher salt, divided', '1/2 teaspoon freshly ground black pepper, divided', '3 ounces reduced-fat Swiss cheese, finely chopped', 'Cooking spray', '1/2 cup 1% low-fat milk', '6 large eggs, lightly beaten']"
SESAME CHICKEN WITH PEPPERS AND SNOW PEAS,2.00 cup pea + 2.00 cup rice + 2.00 medium pepper + 1.00 pound chicken + 3.00 tablespoon sauc + 1.00 tablespoon spray + 0.25 teaspoon ginger + 0.50 teaspoon sugar + 2.00 unit onion + 13.00 unit seed,"['1 tablespoon sesame seeds nonstick cooking spray', '1 pound boneless, skinless chicken breasts, cut into strips', '2 cups snow peas, trimmed', '1 medium red bell pepper, chopped', '1 medium green bell pepper, chopped', '3 tablespoons low-sodium soy sauce', '2 tablespoons water', '1/2 teaspoons packed brown sugar', '1/4 teaspoon ground ginger', '2 green onions, sliced', '2 cups cooked brown rice', '13 place sesame seeds in a large nonstick skillet; cook for 2 minutes over medium-high heat until lightly browned. remove from skillet and set aside.']"
SESAME-CRUSTED SALMON WITH SAUTEED PEPPERS,2.00 clove garlic + 0.25 cup basil + 0.25 cup seed + 1.00 pound fillet + 1.00 small onion + 2.00 tablespoon oil + 0.12 teaspoon pepper + 1.00 unit ginger + 1.00 unit ingredi + 3.00 unit pepper,"['Salmon Ingredients:', '1 Ib salmon fillets, de-skinned', '1/4 cup sesame seeds', '1 tbsp peanut oil', '1 inch square fresh ginger, chopped', '1/8 tsp cayenne pepper', 'Sautéed Pepper Ingredients:', '1 small onion, sliced', '2 cloves garlic, sliced thin', '2 bell peppers, sliced into 1/4-inch strips', '1/4 cup fresh chopped basil', '1 tbsp olive oil']"
TOMATO AND GARLIC OMELET,1.00 clove garlic + 0.75 cup egg + 0.50 slice wheat + 2.00 tablespoon chees + 1.00 teaspoon basil + 0.50 teaspoon oil + 1.00 unit tomato,"['1/2 slice whole wheat bread', '2 tablespoons grated part-skim mozzarella cheese', '1/2 teaspoon olive oil', '1 clove garlic, finely chopped', '1 large tomato, chopped', '1 teaspoon dried basil', '3/4 cup egg substitute']"
BREAKFAST QUINOA,1.00 cup banana + 0.25 cup coconut + 0.75 cup milk + 0.50 cup quinoa + 1.00 cup strawberri + 1.00 tablespoon sugar + 0.12 teaspoon salt,"['1/2 cup uncooked quinoa (certified gluten-free if necessary)', '3/4 cup light coconut milk', '2 tablespoons water', '1 tablespoon light brown sugar', '1/8 teaspoon salt', '1/4 cup flaked unsweetened coconut', '1 cup sliced strawberries', '1 cup sliced banana']"
BRAISED BEEF WITH WINE AND HERBS,10.00 clove garlic + 0.25 cup parsley + 0.75 cup wine + 2.00 medium onion + 2.00 medium tomato + 1.50 pound cube + 2.00 tablespoon oil + 1.00 unit cube + 2.00 unit mushroom + 1.00 unit salt,"['1.5 lbs beef round, trimmed to 1/4 inch fat, cut into 2-inch cubes', '2 packages (12 oz) whole white mushrooms', '2 medium onions', '2 medium tomatoes', '10 cloves garlic', '3/4 cup dry red wine', '1/2 cup water', '1 bouillon cube, beef', '2 tbsp olive oil', 'Spices: salt, pepper, ground celery seed, thyme', '1/4 cup fresh parsley, coarsely chopped']"
CINNAMON BAKED GOLDENS,0.50 cup juic + 0.25 cup raisin + 1.00 tablespoon juic + 2.00 tablespoon sugar + 0.50 teaspoon cinnamon + 0.12 teaspoon nutmeg + 1.00 teaspoon peel + 4.00 unit appl,"['4 large golden delicious apples, cored', '1 tablespoon lemon juice', '1 teaspoon grated lemon peel', '1/4 cup raisins', '1/2 teaspoon ground cinnamon', '1/2 cup 100% apple juice', '1/8 teaspoon nutmeg', '2 tablespoons brown sugar']"
MUSCLE GRUEL,0.50 cup blueberri + 0.67 cup oat + 1.00 scoop vanilla + 1.00 tablespoon flax + 0.50 teaspoon cinnamon + 0.12 teaspoon salt + 1.00 unit instruct amount + 1.00 unit splenda,"['1/3 cup steel-cut oats', '1/3 cup oat bran', '1 tbsp whole flax seeds', '1/2 cup blueberries (frozen or fresh)', '1/2 tsp cinnamon', '1/8 tsp salt', '1 scoop vanilla whey protein or milk protein blend', 'Splenda, to taste', 'Water, see instructions for amount']"
BLACK BEAN AND CORN PITAS,1.00 can bean + 1.00 clove garlic + 0.33 cup chees + 1.00 cup corn + 1.00 cup salt + 2.00 medium wheat + 2.00 teaspoon juic + 1.00 teaspoon parsley + 0.12 teaspoon pepper + 0.50 teaspoon powder + 1.00 unit avocado,"['1 (15-ounce) can low-sodium black beans', '1/8 teaspoon cayenne pepper or more to taste', '2 teaspoons lemon juice', '1 cup frozen corn, thawed', '1/2 teaspoon chili powder', '1 cup fresh or no salt added canned tomatoes', '2 medium whole wheat pita pockets', '1 avocado, chopped', '1/3 cup shredded part-skim mozzarella cheese', '1 clove garlic, finely chopped', '1 teaspoon chopped fresh parsley']"
BAKED MOZZARELLA BITES,0.33 cup panko + 0.25 cup sauc + 3.00 tablespoon egg + 3.00 unit chees + 1.00 unit spray,"['1/3 cup panko (Japanese breadcrumbs)', '3 (1-ounce) sticks part-skim mozzarella string cheese', '3 tablespoons egg substitute', 'Cooking spray', '1/4 cup lower-sodium marinara sauce (such as McCutcheon‘s)']"
EASY TURKEY SKILLET DINNER,1.00 medium onion + 2.00 medium zucchini + 0.75 pound turkey + 3.00 tablespoon tomato + 0.25 teaspoon pepper + 1.00 teaspoon powder + 0.50 teaspoon salt + 1.00 unit spray + 3.00 unit tomato,"['nonstick cooking spray', '1 teaspoon each dried basil, oregano, and garlic powder', '3/4 pound lean ground turkey', '1 medium onion, peeled and chopped', '1/2 teaspoon salt', '1/4 teaspoon ground black pepper', '2 medium zucchini, sliced', '3 tomatoes, chopped', '3 tablespoons tomato paste']"
BROCCOLI BEEF STIR FRY,4.00 clove garlic + 2.00 cup broccoli + 1.00 pound oil + 1.00 tablespoon oil + 1.00 tablespoon sauc + 0.25 teaspoon salt + 1.00 unit carrot + 1.00 unit onion,"['1 lb London broil, thinly sliced', '2 cups broccoli flower clusters', '1 large carrot, sliced', '1 large onion, coarsely chopped (1-inch squares)', '4 cloves garlic, chopped', '1 tbsp peanut oil', '1 tbsp soy sauce', '1/4 tsp salt']"
HAZELNUT BARK,0.33 cup cherri + 0.75 cup hazelnut + 6.00 ounc chocol + 2.00 tablespoon ginger,"['3/4 cup hazelnuts (about 4 ounces)', '1/3 cup dried cherries, coarsely chopped', '2 tablespoons finely chopped crystallized ginger', '6 ounces bittersweet chocolate, chopped (certified gluten-free if necessary)']"
CHICKEN TOMATILLO SALAD,1.00 cup bell + 1.00 cup carrot + 2.00 cup chicken + 0.25 cup cilantro + 1.00 cup corn + 3.00 tablespoon dress + 0.25 teaspoon pepper + 1.00 unit anaheim chili + 4.00 unit onion,"['2 cups chopped, cooked chicken or turkey', '1 cup chopped red bell pepper', '3 tablespoons light italian dressing', '1 fresh anaheim chili, seeded and chopped', '1 cup frozen corn, thawed', '1 cup chopped carrots', '1/4 teaspoon ground black pepper', '4 green onions, sliced', '1/4 cup chopped fresh cilantro']"
CARROT CAKE SANDWICH COOKIES,0.25 cup butter + 2.00 cup carrot + 1.67 cup sugar + 4.00 ounc chees + 4.50 ounc flour + 2.00 tablespoon oil + 1.00 teaspoon cinnamon + 1.00 teaspoon orang + 0.38 teaspoon salt + 0.25 teaspoon soda + 0.75 teaspoon vanilla + 1.00 unit egg,"['2 cups shredded carrot', '2/3 cup packed brown sugar, divided', '1/4 cup unsalted butter, divided', '2 tablespoons canola oil', '1 teaspoon grated orange rind', '3/4 teaspoon vanilla extract, divided', '1 large egg', '4.5 ounces unbleached all-purpose flour (about 1 cup)', '1 teaspoon ground cinnamon', '3/8 teaspoon salt, divided', '1/4 teaspoon baking soda', '4 ounces 1/3-less-fat cream cheese, softened', '1 cup powdered sugar']"
